"","D00_1","D00_2","D00_3","D00_4","D00_5","D00_6","D00_7","D00_8","D00_9","D05_1","D05_2","D05_3","D05_4","D05_5","D05_6","D05_7","D05_8","D05_9","D09_1","D09_2","D09_3","D09_4","D09_5","D09_6","D09_7","D09_8","D09_9","D16_1","D16_2","D16_3","D16_4","D16_5","D16_6","D16_7","D16_8","D16_9","D26_1","D26_2","D26_3","D26_4","D26_5","D26_6","D26_7","D26_8","D26_9","D36_1","D36_2","D36_3","D36_4","D36_5","D36_6","D36_7","D36_8","D36_9"
"hsa_piR_016658|gb|DQ592931|Homo_sapiens:6:80508363:80508389:Plus",12.4703755198192,13.020437651313,12.973848900429,11.6435250118997,11.9461630046534,11.3911264483243,11.7307936784717,11.0977170845514,11.7917729040924,14.7174571547268,14.1515987092716,14.3490288505947,12.7047262530285,13.0129973550797,12.8909504086701,13.3760311841247,14.3299095715466,14.0348261556544,15.0745937184435,15.385700635264,15.4440515427413,16.0798837498944,15.9647434321892,16.0274297115097,15.4805184612878,14.7127530793292,14.5348080421081,16.1788894478386,16.1958580960888,15.7978391666989,16.9639829843397,16.2417628273084,17.085876968207,15.3721149532115,15.5895186296981,15.603009979571,13.6747283445912,13.5384533690678,15.0030231614711,15.9005325042562,15.7557442242074,14.4892083602707,14.9169211366143,14.2864483847516,14.8972328498932,14.5074468813852,14.4909670600875,14.4619301093106,13.5823149348144,13.9944564910438,14.0258214990587,15.0935203085019,14.5310356832961,14.6941193419401
"hsa_piR_020828|gb|DQ598675|Homo_sapiens:2:149355860:149355890:Minus",12.3953223267557,12.1263823519273,12.5162738201212,12.5462526921722,12.4293089966864,12.1743258608689,12.2430202089899,11.8479491591425,12.4561788580037,12.0301637490765,12.2581462423802,12.5382297224121,12.2766042520887,12.253879752964,12.5318505139185,11.4540915953914,11.6886860008582,11.5391026619972,11.161442172989,11.2265799878415,11.1630133746113,11.3912514652514,11.7417559405721,11.9261248059845,12.1892279163313,11.9694342573287,11.6834719063303,11.4933874910327,11.5520589455986,11.5702987722746,12.8982611561454,11.738628615477,11.9255218404809,11.1251557710863,11.0143464071493,11.5324916440581,12.3850184614126,12.4465295996358,12.3989702043864,12.123766730496,12.560959456591,12.8004678793921,12.2442793165256,12.0927346943525,11.8423714982542,13.2702468720934,13.2719123439928,13.0681855838942,13.2216086848264,13.415273537198,13.519428574263,12.8426520727218,12.5195173511661,12.2197081496189
"hsa_piR_016659|gb|DQ592932|Homo_sapiens:14:22388242:22388267:Plus",11.8041143562943,12.3061866683618,12.3711715344576,10.9252752047404,11.1198953459639,10.746791822835,10.6384138760139,10.1432992016606,10.7342726596712,14.4297616716394,13.7977406829205,14.032031740663,11.937027741718,12.1941288405989,12.0599338459799,12.9086563202041,13.8506298976031,13.5415858763175,14.8866247390824,15.1968384331481,15.2013227626443,15.5828955624012,15.4690233568116,15.6980901054237,15.0169377061771,14.4289056572618,14.2613694279255,15.8820728952079,15.9148673833094,15.4850800574655,16.5506607550916,15.7022077770448,16.5948785948261,15.0732294953507,15.2595364107831,15.2810724793746,13.1391320718908,12.8753106050652,14.4394462490794,15.1524451136155,15.0784755563351,13.8506580960481,14.322419400248,13.6803004425132,14.3136567968474,13.8153408573729,13.7862044339545,13.7670539176517,12.5198592312956,13.1176591317987,13.0961201910996,14.2205701245652,13.7003211800646,14.0329820140276
"hsa_piR_012681|gb|DQ587153|Homo_sapiens:20:2585585:2585613:Plus",11.1823995414611,11.9492700216767,12.119512286606,11.3219894926306,11.0968977807227,11.3614937503529,10.7154620985303,10.8757965171386,11.2492332171684,11.6264235113661,11.9768272000687,11.9283867693298,12.5137972525573,12.4124598792014,12.5641548243821,12.2414561596093,11.7567629914005,11.9991653429111,11.319436569218,11.1782001137808,10.9451713351235,11.2248625028558,11.1533895861621,10.974298065759,11.2812006896318,12.0256005143864,12.0301440031764,11.8108480817139,11.7863166373155,11.7877087312417,11.4359124250829,11.0256631732047,11.5959941997396,12.0883961743827,11.970336562682,12.3821268213443,11.4858087576496,11.7037752727399,12.8506342838073,12.5112150814308,12.8880787712476,12.132088340204,12.8758625705444,12.1023649174183,13.2791297869465,12.226599500841,11.9901425334486,11.9620234405633,11.9982446374794,12.4850399292194,12.2065429017947,13.2221532387552,13.17226900823,13.3175883195062
"hsa_piR_000552|gb|DQ570687|Homo_sapiens:22:38045003:38045030:Minus",11.0143218885964,11.1000369184843,11.1082278633673,11.5304219054591,10.8025526222255,11.4737006611207,11.136693280979,11.3871525347056,11.2908682043034,10.3090019389665,10.7647357506825,11.3008629080187,12.0707349119837,11.4279921680219,11.562678459669,11.8365426497524,10.3726463857822,11.0149989949718,10.8100099470931,10.603602914993,10.1722344969574,10.597551096359,10.7438457522536,10.9650676198261,10.8529318719242,11.6506618650892,11.8395661801225,11.1395498134444,11.1229413387968,11.2171104724162,11.7174444990056,10.3662830978151,10.9004888235915,11.6557049298148,11.3553077858704,12.5290527634313,11.9698425736319,11.803493763755,12.0582541108769,11.5850257384353,11.8788566173879,12.6843997286875,11.961943579014,11.987216943459,12.7867372717548,11.5463437341166,11.8457055688839,11.2830757163222,12.1664163557572,12.2610037900575,12.0806576218635,12.4019411715285,13.1073114277479,13.1746888657541
"hsa_piR_014620|gb|DQ590013|Homo_sapiens:5:93930930:93930956:Minus",10.6487445112144,10.6272308171662,11.1035235466918,10.7188346319359,10.6805748205703,10.72905077669,10.5616990709297,10.849343220129,11.0432744280507,11.3395648856193,11.0138032173472,11.8858991965377,10.6382670644254,10.4235672994197,10.4478693594912,10.8777106662599,9.94782761035205,10.3670487440393,12.0042786484754,12.0032818702333,11.5223162098638,10.7805439102002,11.0032202154991,11.0923930212434,10.7208034293863,11.2626489312859,11.3341869318179,11.8193901476893,12.1379882263051,11.9744063915349,11.2096798424721,10.634891665052,11.1601157990335,11.7945848162024,11.812997883325,12.7253194786766,11.3864192727395,11.1796230295507,11.9365695562358,11.5140469100875,11.6280467938685,11.1097843609133,11.7257282156039,11.2119357140167,12.0325086278403,11.3680189539843,11.5869278040998,11.1150598367881,11.2440372741586,11.5427455244956,11.1456982781334,11.3218118109318,11.7640110897769,11.64575892381
"hsa_piR_018780|gb|DQ595807|Homo_sapiens:17:72068837:72068864:Plus",10.5898640763575,11.0862418319469,11.6874245968316,11.4880209379576,11.060001353792,11.6792213851968,10.541527054645,11.1490708196061,10.8151780322237,11.7342345118044,12.1945878744178,12.64486672073,12.6418843611564,12.4974839186343,12.511052231385,12.3631773533767,11.4992632378585,11.7316046656337,12.1942584091128,11.9313500483599,11.4344623627364,11.2919606165439,11.2134049605061,11.4705654526188,11.5223100602822,12.8548759831204,12.7062496650631,12.6460735346321,12.9444147894438,12.8300761071511,12.1963359607135,11.637238061656,12.315079391253,13.4168788574459,13.116416239418,14.5091651340669,12.9219726201713,13.1496670554225,14.1357376778274,13.3751004374783,13.3489145960671,12.9420836337955,14.015575626643,13.3339423763179,15.0844156779199,13.642378068836,13.7629970899006,13.0983119002886,13.6262332244838,14.3209390839846,13.8502809938768,14.7954978934841,15.5027872339291,15.4639450950203
"hsa_piR_018292|gb|DQ595186|Homo_sapiens:18:45269646:45269676:Minus",10.5735922866012,11.3302722753639,11.5856813079613,10.7857699095421,10.5159627418267,10.8770843347395,10.2923232639057,10.5934631558104,10.5561040196175,11.7104881408292,11.9927244283742,11.9903746009639,12.2149509967252,12.1427597803605,12.0928956703441,12.0911819021719,11.4433521193857,11.7053147622824,12.5021597963091,12.2660860179075,12.0180874813872,11.0525786633109,11.0590036027489,11.30850637907,11.2323694565325,12.299194409657,12.3758309641203,13.0249035320742,13.1568918303983,12.9970696745526,12.5523130727401,11.7738501493331,12.3845166442992,13.4718672506735,13.2970873078791,14.1121879268827,10.6529262499015,10.4994645878376,11.6991157147005,10.5100725092521,10.6209904447288,10.0718437734582,11.2543832061888,10.7117858646272,12.0254711769102,10.2472213366796,10.7535862013893,10.2893929218585,9.77368062460082,10.6133276473211,10.1186925717534,11.0834953745511,11.7093478754732,12.122305786838
"hsa_piR_017791|gb|DQ594556|Homo_sapiens:11:74789084:74789113:Plus",10.5404875473485,11.3524453654995,11.5210028351089,10.5304671381657,10.1062543654403,10.5152225348732,10.0681335100892,10.1769873857103,10.3777650654314,11.5845809204697,11.8123006609722,11.8814699021349,12.2540456925843,12.2523467269944,12.3543202959467,12.2983624921349,11.8630598617694,12.118574602516,11.9729089247803,11.845971106033,11.5770420493846,11.3270883427169,11.2617507352305,11.5506525490627,11.4569698699536,12.4151687406926,12.2702335120218,12.1368639875338,12.1733049679728,11.9981052511151,12.2791926984287,11.3339567103871,11.9820014629286,12.5966849979045,12.6294754472848,13.451187427354,10.2826750281302,10.4225892439956,11.7332999613656,11.2872791489135,11.5741387645255,10.8833190992151,12.0461405767674,11.2335594818767,12.5914904105159,10.7683622866184,10.9077785232547,10.4992886383176,10.5491222139838,11.0984566269391,10.6610742910492,12.0356068822375,12.2687362390615,12.6588270291651
"hsa_piR_016735|gb|DQ593039|Homo_sapiens:6:4373286:4373316:Plus",10.494308992805,10.4573895479128,10.3184036360236,10.591818429724,10.2749851060484,10.7896423686883,9.69101068605211,10.9062438485761,11.015573506751,9.43366298795246,9.997475232853,10.6478665543416,11.1194404185657,11.0732190683669,10.8361716351315,10.4501593844596,8.22641128389425,8.61533064618368,9.5852175142537,9.56468040933854,9.51098738972575,9.55426898085735,9.50768500203249,9.42762426508347,8.13004964354408,9.19554732990279,9.43920355936259,9.81199453736315,9.41760339921533,9.39109846047798,9.42991690045015,9.51196047631012,9.59230181115384,9.86913369718403,10.1941540360481,10.5224275315695,8.65764976453362,8.82947162618995,9.7628863419988,8.0089851167555,8.16248795056988,8.19005424686347,8.84811703803889,8.59588556791773,9.2684229193503,8.75265623918897,9.1091074246219,8.56060657320238,8.93707509797191,8.7410585453932,8.21470527913254,8.06044851299093,9.10647232154718,8.91166627390513
"hsa_piR_000796|gb|DQ570994|Homo_sapiens:9:139028023:139028048:Minus",10.0843172203895,10.7571735990294,11.4072667373598,10.2376754208295,9.96824512364449,9.84153149452697,9.60679354797141,9.43832426652153,10.1845595975297,10.7003243761174,10.8473342591696,10.4675355348344,10.3146084333904,10.393839413966,10.765587150666,10.3490062486332,10.4052391688133,10.3553076393892,8.2745643855685,8.38223945914311,8.44624861656023,8.40301638847608,8.27252694646762,8.29142614222231,8.42637073321945,9.17582546152957,9.40509740400973,10.2236743570191,10.3109469919918,10.071077456461,9.90183988358275,9.30738279740281,9.99185731114611,9.97248833767799,9.14900415471357,9.6233367273592,7.45293073756943,7.51520369579631,8.74401242187579,9.49598744973219,9.41598291930091,9.01864167748084,9.06652176094205,8.77764162397775,9.61634842734878,8.32034088947094,8.97250489728678,8.8022630542532,8.95221398951436,9.57359423486088,9.45674800048095,10.3327073060972,9.82575601650644,10.0865022304036
"hsa_piR_020814|gb|DQ598650|Homo_sapiens:22:38039828:38039859:Minus",9.82628531561622,10.3043868201749,10.6228937303668,9.39940005732959,9.39851258408635,9.40526404204764,9.71762533251134,9.52226640885714,9.80838605737598,10.1766050320013,10.1598891738848,10.1068143919369,10.3331754479807,10.5497465379941,10.694678218636,10.3637584499312,10.7322164549022,10.5800777239933,9.50505924451024,9.61692003144214,9.64596674437667,9.88853527200473,9.84224950749759,9.82460775835396,10.1597411774122,10.3025714367847,10.2353319187799,11.9866774209865,12.0755803673527,11.6919175221318,11.3394975030227,10.7974821794651,11.3891431214503,11.4217902495421,11.4210230147924,11.6189981587564,11.0673058957571,10.8810250067661,12.3006827652197,10.8501203249829,10.6672951969478,10.233358790236,12.1980080036132,11.5954807183189,12.824224979377,10.8714633717495,11.2362222281781,11.104052372548,10.3624938544557,11.0471890971694,10.5673627169906,12.3797688567358,12.735886549162,12.9320663343731
"hsa_piR_017033|gb|DQ593538|Homo_sapiens:20:17891355:17891384:Minus",9.66229926188682,9.93895415598492,10.3285180522025,10.0215695577421,9.75311235178268,10.0616281734575,9.77289036840501,10.1155775072716,10.0777609454011,11.394354295174,11.7366510705042,11.6177404642759,11.9974489097003,12.040949979375,11.9626894461781,12.0187740742421,11.4272489109467,11.6685841115055,11.9581476588209,11.6564919989682,11.494474096922,11.7142567292111,11.5911376149465,11.491610658576,11.6885017491272,12.7256288547891,12.5810169100614,12.4975472576466,12.7939445072451,12.6502726707663,12.4662950339546,11.6439013867621,12.355127163091,13.165536269301,12.8766320646726,13.4266551425237,11.5678903405415,11.7909773314871,12.8913786577248,12.3229274648291,12.519658469707,11.7716570584511,13.0120914324928,12.3637603461598,13.8305409708233,11.7088177978748,12.0804704972616,11.487487201983,12.1213705271272,12.7562708669226,12.1427145098892,13.0396169512317,13.6673398109001,13.4904891226676
"hsa_piR_020009|gb|DQ597484|Homo_sapiens:7:145325417:145325443:Plus",9.54320099761337,10.0110865423661,9.90518288235296,8.88381695891491,9.06369367513581,8.5584678011305,8.70018533643819,8.24125321836687,8.65051526524062,9.16075272510177,9.33000608122332,9.06125067272816,8.64598916817314,8.92597374726676,8.82732934512732,8.53268724226391,9.06360304396319,9.16955368636687,8.67707274235853,8.69630238972858,8.96092822814172,9.68864241465717,9.9615914697302,9.58353499046116,9.6539631805262,8.61937758896369,8.61349534010911,9.30526293339143,9.25403169749926,9.06709820828514,11.0693747772394,10.1226417501402,10.7782357159298,9.08472864419736,9.05750313327507,9.41514389628956,9.69614594956566,9.97326630256533,10.7389280974017,11.1108665772656,11.1539024732363,10.1352889707465,10.2823919519492,10.0216846636674,10.3066516831495,10.2405787121932,10.5836277749739,10.1765822383809,10.1215479537335,10.6448093221452,10.3594279463899,10.8913871217147,10.7194099246501,10.374231175059
"hsa_piR_017178|gb|DQ593744|Homo_sapiens:18:45271685:45271715:Minus",9.34380460872417,9.90363562121462,10.0588922810897,9.14454541695992,9.35042771089602,9.26784195284663,9.02671139722272,8.73662624004001,9.09038829249552,10.1197881686087,10.3502811669196,10.2034319871779,10.1740550314106,10.393839413966,10.3435735073544,9.94951464804113,9.94602030775982,9.83143273027786,10.2948747124783,10.3919508107463,10.4803564691615,9.94898175335911,10.1938377778844,9.59255454225377,10.3625013977676,9.92096535287467,10.0916962117328,11.4239736720345,11.3788324625716,11.2502087259844,10.8645245919784,10.3140667404403,10.9322407056276,11.478662313044,11.3482716274417,11.7450210494861,9.09108902107402,9.03484258174275,10.298943119106,9.91566372735773,10.0374160012116,9.42551117233877,10.0764200176782,9.59919637000698,10.4554545422116,9.00420405186079,9.25215865968962,8.97937096634407,8.60800955145393,9.32545823910391,9.27277828314126,10.1053721310903,10.2544993355756,10.3396610771331
"hsa_piR_020815|gb|DQ598651|Homo_sapiens:15:22778235:22778264:Plus",9.31891790590205,9.8333000208942,10.0244638017429,8.761725972393,8.64874106278671,9.0141261445639,8.41093363209479,8.34700391279843,8.24588787408789,10.4030079575986,10.9034565474928,10.0683596444585,10.0982855542779,10.1962360081349,9.78027206206223,9.1651902569312,9.786514059986,10.0746865323612,8.03781943915568,7.83118668581688,7.89624793782002,7.80446073414201,8.0221280011356,7.38614799767676,8.31618424667777,9.44454404864471,8.86112956415773,7.98410297832162,8.1535714873904,8.11704162259359,7.72835792156787,7.3480733069225,7.98022632646432,8.06809256581934,7.52258675121319,7.2725130051312,7.63932900214476,7.40566276350946,8.43442184559438,8.13322903199886,8.09901812307631,7.53919825515123,8.13597973745574,7.77939145774414,8.80074400695494,7.85227244554688,7.94337177175608,8.03142805704698,8.06035518056076,8.8795519952764,8.21039732750544,8.94608043122674,9.37082267488846,9.12601846151398
"hsa_piR_001152|gb|DQ571500|Homo_sapiens:2:206734890:206734919:Plus",9.04986868194829,9.3944099570267,9.43660901203824,8.67285600487729,8.83500716163229,8.49268740756031,8.57872679590912,7.99060666697596,8.72082776804286,8.53801658219076,8.31626733575157,8.22049553070556,8.91200797367158,8.9473568669511,8.93567161275207,8.77565487724832,8.53856792984534,8.44150488027572,7.75440453559638,7.91233915859665,8.20826939327474,9.38539822252005,9.37637143737429,9.36933968286018,9.15744705535093,8.51727806969909,8.52787585889636,9.08638100922453,9.17782219861794,9.01913116958293,10.6432251806159,9.62772185580287,10.4745456736259,8.61993006097731,8.50675761249956,9.65126347214155,9.15643889970137,9.22795193612169,10.653621398784,12.254757280141,12.0444909918815,10.9503711828384,10.7638045782215,10.3618722713658,10.9843444336648,10.128886239405,10.8117207238339,10.0927568129959,10.3520694815637,10.7923675629459,11.1923023305288,11.7405695154461,10.7261685802402,10.7179913131865
"hsa_piR_000805|gb|DQ571003|Homo_sapiens:1:212438966:212438997:Plus",8.98806351446919,8.28156407227907,9.03357206216955,9.72178869784847,10.6867489521665,9.33193354989004,10.3367023910493,9.62211879187937,10.5116639592347,7.27702577533323,7.17056585100903,7.59853909425486,7.88853829172445,8.20686337829097,7.79059106491412,6.7472200523074,5.76263604296182,5.70076595044965,6.07465169832106,6.3596629463603,6.96640024190969,10.2111750489239,10.0552088723804,9.49651617798948,8.76096292910472,7.17399187097055,6.81992190555495,6.18945562573216,6.18449015221615,6.32355837102736,8.23673164444689,8.06728828016375,8.21933530592522,6.01353356185865,5.91029347663952,5.26618340028738,5.31934681556052,5.42056604930808,5.87966850905712,6.78103311731818,6.67899557396744,6.26193116816444,6.28000408302529,5.58269507541319,6.51601639003423,5.76675749440249,5.89983625128169,5.93338201020596,6.34798643458773,6.36468865325355,6.60969546662255,6.578715772596,5.69994844483825,6.12684554545451
"hsa_piR_020450|gb|DQ598104|Homo_sapiens:9:133350930:133350959:Plus",8.95613859739002,9.17260145031922,9.60916118781844,8.73143182410065,8.29857425623871,8.69146502013077,8.57608438394537,8.84771886014979,8.80583038670057,10.6115316502593,10.4666145935874,10.2431019153673,9.60482184089023,9.7635894436405,9.83724930063481,10.2122378909212,10.6446734005465,10.5726251068835,10.8242366105884,11.2294318271404,10.8599572410024,9.19172388956874,9.28981259146246,8.88788291018475,9.34727420878795,10.9140815166783,10.741227653807,12.7746275872459,12.8541251554447,12.3836399818491,10.4099219615224,9.97287672923428,10.5325427740088,12.219498333353,12.380706285157,12.6606725965321,10.4238274748028,10.3144881138788,11.4163468142342,10.1079948402993,10.1169805863308,10.8289238352993,12.0576560364185,11.3420539238842,12.4973491483407,10.4309846963135,10.5498664753371,10.2918202674607,10.4116908794437,10.8654527394226,10.331938724797,11.4368448006535,11.5958479709634,11.4578079644187
"hsa_piR_012753|gb|DQ587269|Homo_sapiens:2:232029453:232029478:Minus",8.71885614329899,9.19848154095265,9.35187193820582,8.50839303552618,8.35727528067159,8.74894242373564,7.95418161263092,8.23415673879936,8.2226759361526,9.44604212476965,9.6834248624082,9.79137393599164,9.8285157005573,10.0099281339149,9.60854627520015,9.74985272773452,9.43357663101144,9.526600249516,10.3562117028451,10.0960064406108,10.1569761947932,8.81857951390783,9.25700278357518,9.0318847186766,9.4499705429442,10.2013519961975,10.3308393914921,10.0552896160113,10.2335893178009,10.2634795043402,9.62540318069962,9.05807473008818,9.4688376345885,10.2874756857058,10.468676013162,11.4444607851484,8.89740258564561,8.88959096564183,9.94894205540442,9.18156205301124,9.32184820444593,8.51792537346616,9.54991042497383,9.08099574078321,10.0465230582859,8.76063846090486,9.08637143427453,8.29617247386007,8.37695699944157,9.02558489887912,8.57113192288643,9.49381755894067,9.57430956930919,9.98033782850227
"hsa_piR_019628|gb|DQ596932|Homo_sapiens:17:18097952:18097978:Minus",8.61363406138812,9.14140493621073,9.37937746066714,8.3176410737534,8.39224608797759,8.08735856519968,7.2488327580099,6.46986533697875,7.39718809977481,8.05746217370899,8.01592690790063,7.95972037556208,7.59210606936398,8.06312061098467,7.83924524086644,6.89565375083993,7.15357253418564,7.119866868733,5.62836363594911,5.68290430138009,6.2054764788522,6.20239053149455,5.84048801457082,6.30187639013868,5.78951461837372,5.92064073197642,5.53490558548419,6.17090758045421,5.95879433560419,5.96483674014642,7.14739175776643,5.90922487660015,6.94039507182897,5.08760310600693,5.49947465423697,5.33785336546245,4.19988460682602,4.0884389911265,5.15333137772397,5.64273778134263,5.51233760072616,4.83506436054906,5.16554438798831,4.59079496656612,4.76189416943552,4.60505841975145,3.93101301303349,4.62350682364952,4.77599456567184,4.53932270559727,4.80306126536732,5.15004883247709,4.93138215205907,5.13868186253334
"hsa_piR_020619|gb|DQ598378|Homo_sapiens:1:28778863:28778894:Minus",8.5814403536501,8.53897566608815,9.03851014078347,9.46989965863073,9.09055472118293,9.55240940894023,8.88872831157947,9.49877719541902,9.44430003300983,9.80917460330339,9.50143793599595,10.2163861300114,9.99712472468427,9.79594064051013,9.88435745990625,9.87869660462842,8.83073453302993,9.13527210001694,10.7541364881366,10.500343591394,10.4351355999236,10.2867269646015,10.642704175337,9.9838992558489,9.34447042693798,10.0484367449879,10.1916363638216,9.97777692654826,10.0335123693674,9.77873047995899,9.70039625842345,9.81865134705503,9.97352054457371,10.1057720221383,10.0699917601661,10.1878306776235,8.12779985803023,7.94045190322798,8.58027232942385,8.89059996286315,8.70751021769802,8.70747229850235,8.86375247710197,8.59365734659321,9.30375670094972,7.96253068389632,8.30030437021363,7.96400374223111,7.93383859658003,8.62905233720415,8.16659470925367,8.63266476465373,8.7297169879821,9.08865239002603
"hsa_piR_001170|gb|DQ571526|Homo_sapiens:11:10488300:10488331:Minus",8.56271605436463,8.69588074295893,8.38189495175733,7.44868169000195,8.16844149521348,7.48804962545421,8.03723650981845,7.18150182109072,7.93506341879142,8.09987573303765,7.99884741159665,8.21111010955209,7.89688695142793,8.1447397689434,7.79059106491412,7.84541733987151,8.0857182653286,8.09118620565808,7.53654073623017,8.01584983241147,8.22377274449637,9.70375696802169,10.0952008637784,9.22599823178204,9.6009139561238,8.04921524784791,8.02113333635033,8.68924260490641,8.75671498658675,8.59722431932159,11.3355820131673,10.3064505513801,10.7023240085983,8.5742613041784,8.55645755073707,8.98136166824964,9.08364173752775,9.0562338024046,10.1800477789258,11.5935863723887,11.548638174846,10.4155749366419,10.3422075754965,9.6547509221048,10.385721347147,10.0022158404951,9.88062286994964,9.90785205744772,10.0150495179956,10.4226137449871,10.5036743994347,11.24847765649,10.5029805998085,10.5300860470143
"hsa_piR_004153|gb|DQ575660|Homo_sapiens:3:156861576:156861607:Plus",8.1000643499868,8.38355221266552,8.70128080718631,8.40181202610348,7.6158617476546,8.35137713144455,6.67729474241497,7.22514629390493,7.37929433246752,8.83646365034583,9.0523456390614,8.68782233724961,8.94457687817012,9.20745720283867,9.06398537531158,8.5499930858375,8.4107155695813,8.61947048410734,7.70602668684353,7.72016265404253,7.69733763306664,7.22983378450958,7.28634515358709,8.19993704464172,6.68583061340632,7.70830828049194,7.71695708749169,9.16075529156082,9.16032571596541,8.95938237388081,8.44737263964917,7.8157449076947,8.35195115038645,9.0803795283034,8.89824439324193,9.50970623209596,8.23658540366107,8.27055713598437,9.13088445109283,9.33648462045867,9.01598634403755,9.20291911574335,9.25319935200936,8.88357516691951,10.1792753587421,9.05268455268789,9.46882758835614,9.23956573424562,9.8156694237423,10.0165973870456,9.29328612271922,9.81349728770144,10.6285384977505,11.8370225600324
"hsa_piR_001101|gb|DQ571419|Homo_sapiens:1:45016687:45016714:Plus",7.79771401533929,8.0004617548224,8.70749549898542,8.03090036706847,8.11186248702126,7.47674505871411,7.60068947266843,7.13649219594696,7.80712222481126,8.72234803249939,8.37920770080161,8.75393852963529,8.68506609193618,8.89800698003718,8.80709609172194,8.39773012435292,8.54096493154477,8.31702356878541,7.88326333958551,8.24864280192016,7.93444448209499,8.43959670635371,8.42802017579317,8.93592403343305,8.39418972475559,8.46947192953005,8.73069519082868,8.97376462125197,9.1216725330965,8.71029781084344,9.35452409551862,8.76094780331666,9.62158465279876,8.34689993873475,8.36126725092017,8.76835302913636,8.12779985803023,7.97787006158369,9.16596599861932,10.1990728061791,9.58182284502638,9.81195527133671,10.1846357158406,9.37366688211148,10.2624400282944,9.15110024727251,8.71364180009357,9.05372610605101,9.14020915082671,9.97085186810868,10.1094706410674,10.9846635462152,10.1275148605057,10.2375281351712
"hsa_piR_020008|gb|DQ597482|Homo_sapiens:11:10487020:10487050:Minus",7.79771401533929,7.16953466331471,7.46926599884188,7.94107235302664,7.83512176647483,7.79152698079694,7.48706254121127,7.1740973043485,6.94875908263467,5.56833187286971,5.39642928710041,6.31362892488355,6.6142938480145,6.73468918397092,6.54654708989774,5.50560522411041,5.12332330360355,4.46117500890128,5.42157444167628,5.49111195908208,5.28457554692429,5.78586225585816,6.15916412790278,5.38231887507177,5.77278164129085,5.7696833256726,5.81597082257069,5.57728020608327,6.20749836485567,5.79154531131285,6.38708855156491,6.09154127048585,5.76271391608631,6.16990574736121,5.98912324610514,6.27362898626089,7.31714678215616,7.38192028899723,6.67236969532687,6.33332228292164,6.58924246802161,7.25690321231575,6.71990949167197,6.8839012370641,6.15079075996234,7.24092914638163,7.23023690373027,7.19336113853852,7.25042683354795,6.71109181603353,6.93674161232635,5.9497125507221,6.9487087686692,5.93683099044331
"hsa_piR_020439|gb|DQ598084|Homo_sapiens:19:12678303:12678331:Minus",7.59139539343575,8.02170982928816,7.88588123633066,7.13790824757042,7.58595069261432,7.20253958664012,7.15269150873975,6.60839688175708,6.9160083913267,8.72911792184404,9.0523456390614,8.13870170772686,8.43867286522728,8.75635011746535,8.42164806132784,7.96380791929816,8.55526387418822,8.48979424438688,7.66020665251144,7.64995326775286,7.86889502394593,8.05559487747019,8.15275672150333,7.71849212799506,8.27259229315082,7.61613946089967,7.67772399791226,7.95202263667606,8.0748018598928,7.98339789742067,8.59882084450106,8.0744833880089,8.58167338923721,7.55025766008855,7.80401557421472,8.18736665273757,6.06931771329995,5.81615002513141,6.81701969220402,7.68060904159951,7.40379813110447,6.88674872223082,7.3284913740716,6.89118950663144,7.27932180797855,6.21948295646306,6.5159784190051,6.24692834475847,5.96354647020495,6.59912262821264,6.90505619346984,7.641451593879,7.64488264415135,7.84629477679862
"hsa_piR_000586|gb|DQ570728|Homo_sapiens:5:137924634:137924661:Minus",7.53484445939729,7.84225024154341,8.19104659345936,7.999457625854,7.15797784133512,7.8970291391556,7.124000095385,7.48052577441384,7.61668657930506,8.40481937941271,8.75300000427192,9.27446667908367,8.87023461554248,8.83712279963189,9.02597525041291,8.89150388646383,8.21444654239053,8.46009199531222,8.15355123330598,8.14770361011686,7.97165492473688,7.6324848693973,7.33436126812431,8.16810349701718,7.44186909691985,9.09149639069226,9.05912307510415,9.43467047273961,9.61675050803965,9.35677486952886,9.22927396502944,8.36297898345359,9.04050536193255,9.61326331780486,9.26051939664779,10.5634207745911,9.98304402624573,10.0605282297785,11.3534917232053,10.5540137294786,10.3021072575678,10.5044536511212,11.4457154486064,10.7311707668445,12.2594041100948,10.8435553848791,11.3198097552227,10.721424495668,11.0848916729829,11.6488958271388,11.1558123779359,12.1093262311585,12.3202696354999,12.4885506465287
"hsa_piR_020365|gb|DQ597975|Homo_sapiens:11:108979133:108979162:Plus",7.52519964199298,8.15267625210608,8.12756567282595,7.21665115214748,6.97376083996604,8.14559953292732,6.88836562772403,7.81621734368727,7.40899493218621,6.1184315904925,6.12460023738308,6.02159631260521,7.80227890997986,7.74494036845801,7.50913742406975,7.39475837392138,5.50914625681818,5.70076595044965,5.20278548916257,5.02849554321268,4.69248524221291,5.50503421294205,5.74825780359567,6.66425007750113,4.29825127609028,6.46877660022452,6.08099666531743,7.08986253052931,7.10911924721441,6.81547257876978,7.30002979847375,4.97951967204741,6.97489766196963,6.505707908376,5.73816067237597,6.23707454947469,5.5296643380546,5.88580698482768,7.22502606402086,7.19576060778322,6.95517186202125,7.11204950814516,6.89784133408926,6.12077847947736,7.91912682984361,6.35271886312554,6.58989167220828,6.59083753118861,7.05834548284013,7.28319850932968,6.16759130515263,6.32638543121125,7.56665495452879,8.69006046888641
"hsa_piR_017194|gb|DQ593767|Homo_sapiens:18:45272066:45272097:Minus",7.48596130225424,7.80596413487738,8.0994799284047,7.78014382623572,7.65959526543535,7.92224068346348,7.79962172490277,7.97791612270249,7.88524132073307,8.04122976645224,8.48927327883399,8.08832681646311,8.32574335479382,8.09084359828769,7.75721775096451,7.57473824380085,7.10898160384794,7.07831135289625,8.08270931327181,8.07061258881774,7.64300294934604,6.668752771783,7.21972599645212,6.77428474481986,7.27504319264034,8.35573576290036,8.41316722127991,8.72447657701555,8.95578614036966,8.7723823224085,8.44737263964917,7.92328018280796,8.47740171876873,9.20346771162096,8.92437951556581,9.52864996097912,7.39629784159987,7.46712646947607,8.33515671125513,7.68916033251136,7.79960337030856,7.55697307992879,8.22947827667176,7.65235240705887,8.6162954711059,7.63200450354826,7.82623776085493,7.7213594626416,7.78952886668686,8.38304468091302,7.92507387988367,8.35804733954699,8.83352525046449,9.05804656959664
"hsa_piR_017174|gb|DQ593737|Homo_sapiens:2:168406297:168406328:Plus",7.41461186699482,7.78125568651077,8.05141915623729,7.86634358441582,7.65239791114598,7.33367994805164,6.00941228528039,5.47754972015465,5.79335989040582,5.65713955932853,5.49849464009833,5.62552821352413,5.36605606648337,5.87219606735837,5.68651588951947,4.06466337542691,4.66089341698992,4.46117500890128,3.77357780636245,4.28146769341674,4.203031102104,4.56283410652977,5.09255697952817,4.45234613151691,4.88789741016218,4.59075241340132,5.00025913298459,4.32801558343299,4.07428505805547,3.64968663585518,4.84097263839929,4.73906950075905,4.70436528504799,3.99722213789475,3.77720153551135,4.03232493805951,3.87212355806791,3.999188409055,5.33177320567278,5.71215062642159,5.83439200993762,4.6178150303078,5.00166027021063,4.76592162481369,4.76189416943552,4.05827590302419,3.93101301303349,4.57981673119133,4.39767476296846,4.76184575734914,4.70483333669572,5.48648066545968,4.05262964842882,4.87606310401843
"hsa_piR_000441|gb|DQ570540|Homo_sapiens:2:232033329:232033357:Minus",7.29481999283099,6.53273165651864,6.44655998805618,7.55636328982632,6.73538674883005,7.8970291391556,7.66180948837467,7.50432959446136,7.59618201692419,6.25667581162481,6.18654158366308,6.64256912909875,7.67212404489139,7.15857473430814,7.38349258963455,7.14409993430523,6.37322995644357,6.7630610753831,6.71287196925193,6.83727802071218,6.66342176570894,7.33722692658472,6.85278982045957,7.46691006655831,7.07957994862412,7.28873108632971,7.30537309130333,7.18502255789197,7.47295721633549,7.35373673988507,7.40848136741269,7.23052064380092,7.55597966455875,7.26589101828763,7.20568319492381,7.51997393574828,7.31714678215616,7.65710509659844,8.51524932511293,9.125989194822,9.23350343159902,8.36832811353705,8.09681379966315,7.84457869612756,8.45800347862964,8.14032034991,7.80162369337097,7.74045185115805,7.60378838039023,8.67437894715924,8.24028614022716,8.93710968684899,8.62751412336464,8.659803166291
"hsa_piR_019676|gb|DQ596993|Homo_sapiens:20:2582901:2582931:Plus",7.17652961176147,7.47717637240998,7.88588123633066,7.53896613857872,6.67973468352595,7.52144054137527,6.81841256264959,7.37472626965317,7.23417938556813,7.08961675028476,7.43057440114199,7.24989138004762,7.64263562751596,7.43453758193789,7.4581106765745,7.17122357771921,6.96626261309293,7.3062172913988,6.73719187256149,6.81715673023108,6.85115675897923,6.668752771783,7.03829156649509,6.52000283406529,7.21484327088631,8.33365237735247,8.15568422218475,8.19978974883215,8.20568796179616,8.42383999982915,7.64216462478819,7.15100444444372,7.72074430028225,8.47171464450122,7.68670801879358,7.71793729655133,8.83667256378436,8.74675280440844,9.56683752826931,9.24380173646103,9.32416239756736,8.96642984638072,9.34238759677938,9.0873440299115,10.5879475269697,9.1470463260967,9.8494568525697,9.34773862221983,9.7849976755431,10.3042208513961,9.32550403919821,10.2040153329504,11.4605424377187,11.5250828911303
"hsa_piR_020813|gb|DQ598646|Homo_sapiens:1:31213600:31213629:Minus",7.00660528014227,7.36521322068656,7.88588123633066,7.42992523703978,7.0415049778945,7.35853311558015,6.93868294543931,7.15917298261652,7.1800683219168,8.37058780150828,8.51352288426883,8.67422745058162,9.29961501092167,9.18705849052653,9.33380004205228,9.18304605592382,8.03219031364559,8.22219947132537,8.09214937738957,8.05067804667492,8.12154271738515,8.86414101965061,9.26527546267966,9.50927345817941,8.13978800377301,9.13043994923011,8.93158134642529,9.57463546345797,9.60817277218126,9.51039448896039,9.22504685337329,8.26890317752772,9.11189099035585,9.59203522292371,9.02256718783398,9.65471660648968,10.1823587445495,10.1238687417035,11.2263216332638,10.8328698543575,10.9084487211787,10.1979490434814,10.9952219017397,10.5946873483832,11.8954458270745,10.614659758173,11.2802915945028,10.7381338080052,10.740016174025,11.3551378016411,10.6961485864811,11.8054644032656,12.4188180122912,12.3713146216491
"hsa_piR_000560|gb|DQ570698|Homo_sapiens:17:24071728:24071758:Plus",7.00660528014227,6.88612177707818,6.94532067515252,7.70415000002828,7.11670681622477,7.22974089815099,7.64172286834803,7.41296104950922,7.4438455071504,6.53001355809345,6.7880716882311,6.9891016848227,7.96199051819723,7.35441299422914,7.24582724314234,7.39475837392138,6.71725136614614,6.91925471344046,6.82299899495355,6.90238420386634,6.2303599762125,7.31987523526499,7.03829156649509,7.06137471924596,7.70070171699371,7.67355293930201,7.6167955959503,6.97736014916255,6.55081538084321,7.33032028933476,7.25092725834012,6.85724935945957,7.74091032757578,7.26589101828763,7.02400144394056,7.677746479462,7.24946991909628,7.23502977141075,7.62334458863472,7.93183561976673,7.92692374830166,7.96012058136572,7.8124561170643,7.5410595671793,8.00753205296247,7.49828128293829,7.04326246882963,7.01654410784023,7.25857709734636,7.71209380000956,7.62185006888074,8.38468925056273,7.96757235082773,8.26346744295588
"hsa_piR_001159|gb|DQ571511|Homo_sapiens:17:16284116:16284145:Plus",6.93550369341544,6.90914178529904,7.02721867540375,6.72564143214167,7.09561870331396,6.59688679659939,6.75427873207444,6.01746540760239,6.67295931623171,6.29383654794275,6.14554736115039,6.7503918800124,7.04883815170318,6.73468918397092,7.010969629973,6.08670979238368,6.54599031850751,6.13280213335849,5.17888997169447,5.79767860175789,5.68028453706171,8.19050845271501,8.23088469714851,7.76180444114909,7.7608509099099,6.24004433475975,5.93803275137127,6.05425378714436,5.8748485579065,5.85903056058234,8.2781322472748,7.48943071357548,7.96887384189413,5.77410978389148,5.86080911004312,6.23707454947469,6.20798251267611,5.98428213660696,6.75680158840983,8.68376321655081,8.68607667254488,7.53919825515123,7.16124336957167,6.60227660573276,7.34869746472998,6.99213288009839,6.28609960746631,6.63240286507776,7.10430636668011,7.3990074253054,7.72212102998878,8.26789600029913,7.44072114903945,7.28350902686751
"hsa_piR_017184|gb|DQ593752|Homo_sapiens:13:44809717:44809744:Minus",6.89109125338808,7.12109110727556,7.10470327481526,6.92655258074681,6.44940316035176,6.69787786146455,6.5959468821641,7.14409225017348,6.67295931623171,6.45006102266908,6.61916592942911,6.36550229385971,6.13696764627276,6.13051434145638,5.82290758168117,5.81420360175443,5.36294251150526,5.55108466804172,6.88958246485455,6.97680829528784,6.54963031055071,5.3049845361983,5.74825780359567,5.43754333260453,6.71223292263308,7.35166821954792,7.2529238603286,7.19420139519663,7.32363498224898,7.43647918974153,6.55867396870113,6.46579573983824,6.68641777879408,7.94428294784517,7.65342256074278,8.56313722378559,7.0557724383713,7.11530496271073,7.10145227082339,6.41833545838931,6.39089432268229,6.58513184813157,6.70258522895074,7.06233230341646,7.41488348096059,6.10652217052489,6.96775250345682,6.66280533859365,7.40526147894668,7.0918567433731,6.60969546662255,6.55539033043077,7.5258882462869,7.52661829740294
"hsa_piR_001169|gb|DQ571525|Homo_sapiens:17:21945564:21945589:Plus",6.53454278774891,7.12109110727556,7.14193475274713,5.89289507331534,6.02603858442459,5.97841311213605,6.17307844706735,5.32323434196847,5.68000888945316,5.76748491293723,5.99201438197473,5.26997640663113,5.74853461854424,5.87219606735837,5.72186468618588,5.3215749687622,5.67723085160697,5.85038548277137,5.05279782951609,5.32787539750196,5.69832554072534,6.39755996848903,7.21972599645212,6.0443913533005,6.16712482946238,5.79598436735881,5.53490558548419,6.45753362324155,6.23014194685363,5.81439883339084,7.89733665812135,6.45477615181362,6.65836380711302,6.10251359580893,5.36300976638576,5.53316389632852,6.14033319240834,6.15354024178098,7.06882625369325,7.08339745033507,7.63776615187545,7.32766302457008,6.73702722072373,6.60227660573276,7.2554332129508,6.53808658775709,7.0113852693242,6.59083753118861,6.96176827598834,7.23056469701274,6.8506437520165,7.06475965276363,7.03847078565623,7.08504732887386
"hsa_piR_011734|gb|DQ585879|Homo_sapiens:18:11651398:11651425:Minus",6.47552374990141,6.765142342036,7.5266651097207,6.95309168301788,6.53036101576911,7.08828123635588,5.17462372167273,6.06651187001517,6.11673979743524,6.51437583894038,6.74767122374766,6.68395741880942,6.53071407093136,6.63253472897968,6.42394932063808,5.53406089760842,5.82743708563926,5.89235879214843,5.22627649764233,5.45644409981039,5.46493468672671,4.56283410652977,4.64644945572149,4.75107609511114,5.19909106600027,6.07862362763171,6.22465842677686,5.26053473250568,5.18186436899022,4.58968224855775,5.01233492060419,5.01064731757082,5.25788673873859,5.4589193684396,4.81311343733908,5.64976367835815,3.99178169759394,4.24931398467538,5.02016502594195,4.57192272624425,4.34094346874882,3.57161164688809,3.88321124826607,3.91513241747566,5.12904650767559,3.80334606930247,3.93101301303349,3.80768460081698,4.19406844677392,4.07718710744974,3.52610138366215,3.86502537317715,5.16678101930048,4.54994849905226
"hsa_piR_019521|gb|DQ596805|Homo_sapiens:11:10487516:10487542:Minus",6.43478274694958,6.27311571674119,6.85847402026073,6.47372764874585,6.56150600352148,7.02755863728473,6.48731196402053,6.2473980754467,6.3061204468789,6.41678768508762,6.22639206799157,6.47969679111627,6.07914990681008,6.60196059888999,6.44512453729648,6.17904918831593,6.03345950427693,5.89235879214843,6.67979105650883,6.69012429271924,6.61710034427487,6.72263933470674,6.68989114455785,6.41508809971965,6.6129538274298,6.87651572455369,6.83785493520626,7.66589012391434,7.83111776257214,7.56907456098949,7.14739175776643,7.00785652086539,6.95198817549696,7.85030874500343,8.06850876432344,8.34959925085522,7.07996101339767,7.01591333636539,6.60561815752885,7.4882036634641,7.25633654817603,7.32766302457008,7.91360439243974,7.3899270432734,7.51885214706156,6.53808658775709,7.37079773467219,6.6925771666672,7.20053163804337,7.27282458459543,7.00806670179495,7.11341498998376,7.62572031936204,7.41018777838467
"hsa_piR_019050|gb|DQ596155|Homo_sapiens:15:64582204:64582231:Minus",6.28230437660851,5.76572121354156,5.51160099888068,6.71015540782441,6.3985378070172,6.4423717354455,6.17307844706735,6.30293920365395,6.08751252311049,5.89433533922354,5.89622951429305,6.1847319600645,7.79336207884251,7.31731891919594,7.4581106765745,7.29145071010541,6.15172106654723,6.25547673126445,6.25437125996975,6.21302180073723,5.88294925434843,7.06251350376844,7.18522326536177,7.45376033145326,7.60079618612451,6.95974028181606,7.06792305846513,7.52757662197193,7.92393684782357,7.62144802304173,7.97996199439246,7.10250633608093,7.74757010763236,7.59365520752118,7.52258675121319,8.04721672951328,7.79708057445481,7.64386030459815,8.01421402585221,7.65464638531494,7.43841907645905,7.42768095150268,7.92855439506207,7.67361530831588,7.96400706814851,7.41300368305967,7.63745889286243,7.52612536162156,7.49765350879545,7.6250987671708,7.63477224422403,7.72725716086675,7.70088638709249,7.99916318325545
"hsa_piR_017458|gb|DQ594126|Homo_sapiens:1:31213602:31213628:Minus",6.28230437660851,6.59089906469523,7.08571988366281,6.39834051114738,5.98051766248155,6.55441222439658,5.76954898495839,6.36946420425036,6.20099374982693,7.40100878917666,7.43904527387553,7.72925216775139,7.60235475243283,7.43453758193789,7.69688748335905,7.47673239055721,7.121863505223,7.43403635447058,7.43628443243372,7.18989541786466,7.25326515011665,7.27555839781066,7.18522326536177,7.24058191835866,7.17747640799374,8.38179700993302,8.20824084077897,8.78033773028796,8.90416112571559,8.83744701518626,7.97996199439246,7.23695287157126,7.87468394069056,8.90703002736772,8.0612773313883,8.77471512437984,9.67449772136908,9.63990725242116,10.6146526056236,9.94093121388684,10.0388256498111,9.5236207071276,10.3154549014183,9.94773232051713,11.4250032933947,10.0200573255894,10.7647658013355,10.1800806403925,10.2144578930789,10.8521733364703,10.1783426256725,11.1731264546656,12.0598957885739,12.0038664030514
"hsa_piR_001042|gb|DQ571335|Homo_sapiens:11:93104320:93104349:Minus",6.18727298821959,6.14281907466986,6.50499586753471,6.52777437693325,5.42064465039523,6.21554970610401,5.56938318507764,6.34322410731443,5.39788135360736,6.482579161855,6.64873333204879,6.81388854926044,7.42892430051778,6.67720820710827,6.46599134191811,5.92527355179323,6.04709449355798,6.8713735004379,6.38346630457391,6.33151267741828,5.95953895025534,6.02014166529935,6.44896718151077,5.77321829310212,6.64985474784893,7.35166821954792,7.04496142852259,6.90089525315295,6.72000973597319,6.88146911244734,6.4171512848707,6.2274715142929,6.94039507182897,6.90131026159944,6.22857707442263,6.73284581620319,6.86706497054781,7.02104945953126,7.75211918674682,7.68916033251136,7.85188874594525,7.26413777415443,7.08315369762812,7.35348820701668,8.8089653579969,6.74585021368458,7.58793027233705,7.00077942482373,7.58447460563643,8.15560037282047,7.113457449217,7.74793329893927,9.24469465290305,9.05804656959664
"hsa_piR_019825|gb|DQ597218|Homo_sapiens:1:227740227:227740256:Plus",6.05883691208914,6.77770914152708,6.53334406186723,6.16786986470343,6.21461133673686,6.57580672493638,5.80639638804531,6.36946420425036,6.392166986489,7.62818753369926,8.2065014607842,7.81231049952162,8.52735919957581,9.08601869512872,8.92819704864604,8.42049125036573,8.08243036934734,8.11777332428977,5.9548390541033,6.21302180073723,6.29073718995021,5.83591036021544,5.74825780359567,6.14646460893874,5.75584877497571,6.4849465013656,6.46328089040979,7.43772912980203,7.23717559237497,7.17245547937314,6.71190584666533,6.91458811380983,7.23416244891458,7.24270103713975,7.54868754115376,8.16816022357827,6.4032517105088,6.3708573607153,7.51859897220826,8.1580749223217,8.16765310725685,7.29271782505858,7.58599389383566,6.90565610404465,7.61581900687883,7.071390464267,7.42016088985322,6.9192543122873,7.54505245911308,7.4551263095759,7.2116521320176,7.59655323041466,7.95227474591667,8.52081600430997
"hsa_piR_019420|gb|DQ596670|Homo_sapiens:2:101255914:101255940:Minus",6.0040389295473,6.88612177707818,7.12343943996019,6.29815762014111,6.13386014098388,5.97841311213605,6.24169026255214,5.91399471460627,6.34363268958791,8.43411959480773,8.28842851682111,8.0780371192161,6.97181036613723,7.3816195770795,6.9967262337845,7.47673239055721,7.88520076072053,7.77582930056307,9.74331189025924,9.67013543624103,9.75239146798409,7.48464471872196,8.03186148303433,7.12915127911308,8.23068198834567,9.14064974545704,9.29279819364048,10.5719917105209,10.7728541017212,10.4897397568988,8.83350718479459,8.49215647211767,9.04861381363431,9.86155048063908,9.92120899590451,10.4527286667568,10.4564820623639,10.2828161856853,11.5462759699032,10.9334079562615,10.585741966872,11.195909476038,11.8462078419367,11.1185637518571,12.0130724249673,10.867773352115,10.845960440017,10.4781298308939,10.1403945404149,10.9295262412343,10.661863056212,11.6126173455402,11.1762447494623,11.2967546610365
"hsa_piR_009051|gb|DQ582264|Homo_sapiens:11:10487350:10487380:Minus",6.0040389295473,6.37606446026755,6.44655998805618,5.86504929257579,5.90938481474339,5.69370511695932,5.33598966877988,5.20999078570657,5.66020194371277,5.40661106073835,5.43128260640685,5.19436059829911,5.15557016203344,5.3105773456004,5.22465017971585,5.10952823722874,5.24828727656831,4.97258222743697,5.20278548916257,4.85021686078977,4.72908752569413,4.49946423018132,5.1666356903927,4.55963148815487,5.38823925756269,5.40869358991298,5.1249227778992,4.32801558343299,3.83098721045119,4.34850581726573,5.92483797637682,4.73906950075905,5.50126454364323,4.46918336071355,4.44645884382524,4.03232493805951,4.73798780563007,4.71781202855923,4.87266700160431,5.77831760475002,5.17983461805791,5.2174769312616,4.34069556813919,4.6636343523682,5.0172717525419,4.87311068744354,4.78318760155539,4.74655657857878,5.248156842569,5.28335115358446,5.46608956000438,4.94526977079075,4.64657732604275,4.87606310401843
"hsa_piR_000045|gb|DQ569993|Homo_sapiens:10:70184970:70184999:Plus",5.94704807789463,6.27311571674119,6.11214033000776,6.41756248381102,6.23410556052079,6.61766159801365,5.89453482595032,6.14468404631927,6.0425169514555,6.95729537403944,7.39618367573161,7.675653045323,8.08398973297253,7.98844202455424,7.57766796170729,7.3558968561691,6.84714424530524,7.33169517307217,7.02076913436002,6.9087355067379,6.72585864976679,7.56046051006844,7.53942236028318,7.24058191835866,7.73109012620052,8.42838602879008,7.932264527968,7.69202796047487,7.99806165468164,8.14860269626971,8.56577065048656,7.71343136437232,8.2710838609418,8.51747852506759,8.08998793652305,9.06159908334364,8.90079683236935,9.28235508854236,10.1296031684733,9.60839574014283,9.86218187298542,8.59733024726074,9.56433456681009,9.05531944558468,10.5759552738822,9.38249712280363,9.76448965853594,9.16384212514675,9.75365960814805,10.292726945126,9.49973605017708,10.2354524068836,11.1362081337116,11.0643844913187
"hsa_piR_016975|gb|DQ593415|Homo_sapiens:19:54685976:54686003:Plus",5.85703778166782,6.29079652907266,6.25541998436706,5.09998365602804,5.52012145668929,4.78178164599802,5.91152483500825,5.23917723279037,5.51317787618115,6.29383654794275,5.96866580621319,6.04303827640974,6.65432596652774,6.72053323662596,7.06657318275162,6.31539947468691,6.40527045578029,6.39777597482907,6.89679374247332,7.0418035504871,7.228866033982,6.87313584027758,7.20257802285083,7.14560802594887,7.80232766596231,6.95974028181606,6.99790830349058,6.09420755559227,6.31729170703149,5.76831745757395,8.20273338211019,6.84886812048917,7.91073026014656,5.85848022448012,6.32872737806933,6.9954812120351,4.85852153329949,5.23561543036669,6.41074753928867,7.08339745033507,6.89406765213055,5.0566992166592,5.11305117136091,5.6007598386155,5.58311677082941,5.60901861805332,6.07536782196728,6.21986419635827,4.72812958349555,7.12684734906151,5.60543246267264,6.73216796844729,5.45854433708743,7.0229251793125
"hsa_piR_000801|gb|DQ570999|Homo_sapiens:17:72069314:72069345:Plus",5.79369755093057,5.81563930343076,6.47607574699714,5.80766426013836,5.93349310232007,5.94579222148311,5.63246483078895,4.98637481814694,5.46818897298726,6.03297510043649,6.05984802995242,5.50639258123746,5.63220196832916,5.70862125785517,5.82290758168117,5.58930316567801,6.00579176828929,5.82169786124745,4.72616120846578,4.70679206466099,5.26030073243592,5.3049845361983,5.09255697952817,5.13657316543695,5.6497647022718,5.22576327614325,5.21154753486069,5.02893157834063,5.18186436899022,5.08937748765238,5.83825944035445,5.10000810450897,5.53282514835872,5.01475569560141,4.94857389930849,5.47103251487036,4.60552168531447,4.8431022094076,5.43919586073863,5.96010324598462,5.60769558068907,5.49215838868695,6.20800271094861,6.15763369978911,5.92590331826961,5.28917132791734,5.82799428740541,5.41488143298879,5.40551234741514,5.98547918821065,6.54256146134469,7.04816849902096,6.19458972342835,5.63607633268188
"hsa_piR_013306|gb|DQ588040|Homo_sapiens:8:57148983:57149014:Minus",5.69304299067499,6.0626521307757,6.50499586753471,5.71698350184357,6.2723141330825,5.57022453902717,6.07112195518488,5.54877814854348,5.81140058236844,6.36538181838651,6.42768902567377,6.68395741880942,5.50541679903642,6.08689769362317,6.03399068040387,5.56195274313689,5.71201369409875,5.70076595044965,5.51935015324267,6.08380905330881,5.80199507442823,6.32962983038281,6.35873428520258,5.63900158026317,6.33543489954726,6.24004433475975,6.09603122944271,6.5026546386985,6.03806302812445,6.55720396195092,7.3629985547953,6.63147974298865,7.04151438787344,6.45268093465794,6.57270706404157,6.03879680362701,5.49369534297882,5.90828712160038,6.83654424122488,7.20772057199595,7.02522593771904,6.76951950349808,6.41396948513001,6.16971033986648,6.87116739205898,5.78792250958897,6.07536782196728,6.09129837461569,6.0224780310973,6.58238923194534,6.58321770636403,7.14496112923854,6.4779971475396,6.44455913620696
"hsa_piR_004152|gb|DQ575658|Homo_sapiens:5:139120743:139120768:Plus",5.50750585637855,6.02081279655411,5.51160099888068,4.57367291471892,5.78229666316389,5.38669619234901,4.38516374073125,5.02063045081562,5.96421546655088,5.10125045490921,5.65369476400455,5.88568584938736,5.92342934182744,6.40341430478456,6.08896725275578,5.76722238681002,5.31820463280905,5.05013788694606,5.17888997169447,4.47584996695541,5.54710157705353,5.62414500919376,6.38944799056531,6.07923370009224,4.78909110120133,5.145281778815,5.39487259698738,5.14957467493504,3.95901727672568,4.58968224855775,6.87217972675249,4.88164019171358,5.88948732705457,5.15679279467939,5.04201020560577,5.9050812256757,3.93350868624764,4.28646126582907,5.43919586073863,5.84153352831149,6.29939264998683,5.49215838868695,5.16554438798831,4.73268761484858,5.41872513784604,4.60505841975145,4.73007958523128,5.36582597154172,4.99278192982546,4.51485892815908,4.35690461824618,5.58278717858985,5.54369060660126,5.79441240688357
"hsa_piR_020326|gb|DQ597916|Homo_sapiens:3:15524502:15524532:Plus",5.46727483385342,5.79089989030195,5.26016505292903,4.83309257407273,4.97965636491811,5.23131233156104,5.14580785153199,5.42797584735299,5.44514243596833,3.84736440911352,4.47751887648045,4.36362480220224,4.83734147506511,5.23167635481129,5.00981348964428,3.97640944534726,4.00371010120211,4.29475789685515,4.14319718930343,4.05122906593401,3.89567257331557,3.41951209658655,2.35962910757546,2.35962910757546,4.82283520187979,5.01502390709363,5.1249227778992,3.39931205791444,3.51800954692084,3.19142031981554,3.76497532926312,3.77662435154785,3.95312386321029,4.07680313048681,3.93032330598894,4.73429261565552,2.83468752271774,2.7903342627562,2.35962910757546,3.05592233826875,3.45135389193058,2.35962910757546,3.06602551815994,3.32558760273006,4.02615161507381,3.15386566522688,2.97859543904672,3.10608026323554,3.36313561870856,3.49471376427568,3.52610138366215,3.13748655370631,4.05262964842882,3.81883754401781
"hsa_piR_010894|gb|DQ584698|Homo_sapiens:8:68660258:68660288:Minus",5.38317881750457,5.13552918246107,5.56800119602256,4.8908114964511,5.75545367490097,5.28505372040316,5.31036050938068,4.98637481814694,5.39788135360736,4.70823616272177,4.83945588424933,4.79086806445623,5.31634037173638,5.64961082589184,5.53555074949529,4.5508623524307,4.62360389147841,4.7411757931393,4.79170944768881,4.97988883128292,5.02027726286933,6.62696732338528,6.3273470984977,6.30187639013868,6.35794036689127,4.71002042139337,4.5833763979729,5.42783457741437,5.35884868204009,5.69625763466435,7.76377593677918,6.45477615181362,7.0306236881494,5.08760310600693,5.66299374962202,5.19062257463682,6.72079447228408,6.44931425266099,6.15423659126543,6.91846938220984,6.7770730884446,6.91462044298862,6.28000408302529,6.09566873178355,5.12904650767559,6.43511514149772,6.58989167220828,6.21986419635827,6.96176827598834,6.60465733237692,7.10418922985659,6.2985235659053,5.27096762067744,5.13868186253334
"hsa_piR_002158|gb|DQ572892|Homo_sapiens:16:70349813:70349841:Minus",5.19809157142353,5.63263915900188,6.03471921143113,4.77279913939705,4.24249698273856,5.43487564622684,5.1163789094423,5.72280669630455,5.46818897298726,6.51437583894038,6.85297910139822,6.57082005055427,6.80414553622315,6.90704620921328,6.69523711199506,6.86273549891351,6.79175546645477,6.82184190285432,6.68813302274144,6.48417437489834,6.21797238798218,6.76176727348162,6.44896718151077,6.89608256220199,6.92275303290374,7.64513216032873,7.44047157041669,8.01548489699717,8.16531681824939,8.17511581159538,7.85417717589588,6.92259578693371,7.72749771474675,8.28398066046468,8.14574877745636,9.00319848866872,9.19011819266558,9.51279388573503,10.6398244946338,9.90836240614933,10.1049183585623,9.36629938221445,10.6007830384281,9.98135295120907,11.0757495024088,10.2650986445509,10.4583971718294,9.89620056811426,10.3672074189413,11.0071156214516,10.2577057012927,11.1196223407624,11.6105334715725,11.6687284537848
"hsa_piR_017104|gb|DQ593636|Homo_sapiens:6:133179659:133179687:Plus",5.14769686428782,5.45437114559632,5.6744540011877,5.4037097196642,5.64268327585583,5.48145494883388,4.95899012534214,4.98637481814694,5.46818897298726,5.76748491293723,5.89622951429305,5.56721898248517,6.67393092062508,7.09422068930159,6.96780908433641,6.17904918831593,5.4483431692395,5.40320994793485,5.02613353957895,4.85021686078977,5.13212555907569,5.76015991736716,5.23695213099703,4.91856028664413,5.22418807235779,5.37397402469503,5.21154753486069,6.85530253231938,6.81271384657955,6.45963566180515,5.9662272708093,5.60284764473158,6.19404710868987,5.95735003272619,6.14857251808647,6.56637016082543,4.7691477937656,4.60837849076777,6.27395175070571,6.26607513542776,6.18125524207638,5.51688223460161,6.70258522895074,6.03088940398825,6.5557566822893,5.80877625802681,5.89983625128169,5.79307315534696,5.57362094873292,6.18393179131428,6.23731386135092,7.27893931230414,6.91749811596995,6.85475501675308
"hsa_piR_001205|gb|DQ571589|Homo_sapiens:11:8662350:8662381:Plus",5.09539672968702,5.60445035028661,5.51160099888068,4.8908114964511,5.42064465039523,5.11715474975688,5.43405221426845,5.20999078570657,5.39788135360736,5.37190390885546,4.9412333047888,5.15494960157089,4.97362855251034,5.55619783630801,5.17398921567019,4.49177242068502,5.04253730273041,5.30218222470736,5.69662573621458,5.87804631297777,5.94454739070652,6.29441609607514,6.47782446597109,5.81527235619108,6.4340351333949,5.37397402469503,5.64181535691186,6.2436973260006,6.25243237906478,6.06331857654862,7.3629985547953,6.01839011300779,7.14611340222726,5.93811835900597,6.07829718881462,6.1610352049022,5.02134846865421,5.14267255807258,5.87966850905712,7.32215297158985,6.93104094425255,6.12504640054823,6.41396948513001,5.87706909457687,6.5557566822893,5.74527161202467,5.64469154020401,5.94998535893658,6.54786632890991,6.80057119388801,6.5287491470812,7.23565100005613,6.4779971475396,6.58037508714232
"hsa_piR_009502|gb|DQ582827|Homo_sapiens:19:1334622:1334647:Plus",5.09539672968702,5.60445035028661,6.11214033000776,5.71698350184357,5.42064465039523,5.43487564622684,4.95899012534214,5.40251603377534,5.46818897298726,5.86985572915593,5.65369476400455,5.70871217615335,6.04933774308665,5.89771532915306,5.6130510156457,5.38564239175712,5.22417874156943,5.28106898316215,5.02613353957895,4.85021686078977,5.10500286880441,4.93777619067093,5.54353524187326,4.91856028664413,5.34330156579793,5.74288499567454,5.23926044791487,4.4631696089154,4.97891051659109,4.97029136133102,5.69760182463427,5.26305984341475,5.84012819624176,4.89766461078031,4.77701886567613,5.64976367835815,4.37783236445395,4.17151424017053,5.02016502594195,5.08172076653951,5.1374692089607,4.02966224782621,4.74724363698253,4.73268761484858,5.50332199587405,4.55462228747359,5.14658611882018,4.82272403625881,4.99278192982546,5.05549529697529,4.84961181927159,5.71593827538589,5.96865470105537,5.63607633268188
"hsa_piR_001168|gb|DQ571524|Homo_sapiens:2:117497628:117497655:Plus",5.09539672968702,5.17478489291346,4.95298763829158,4.99938592133632,5.3501768449844,4.8557901511756,5.36115704456965,4.76050227697264,5.19102014789882,4.23226859924038,4.47751887648045,4.98498682101454,4.76368712077793,4.69178163481498,5.17398921567019,4.85884194733204,4.00371010120211,4.46117500890128,4.4673354226433,4.95492265861211,4.49257123456605,5.78586225585816,6.44896718151077,5.63900158026317,5.17353170987107,4.92076946041669,4.33954236971628,4.80073874276167,5.22826505944925,4.58968224855775,5.59540932442184,5.51996983840732,5.68082488950681,4.97682920708617,5.47763231048229,4.93545611167254,6.62530099373426,6.47203720613308,5.58632913667167,5.60670932762136,5.98341638061571,6.42617666097955,5.71261178114286,5.94905442584435,5.73032413278055,5.70129651886367,6.03347102317548,6.26027066434091,6.37830576923327,5.64007404732333,5.97674756790822,5.71593827538589,5.05411274693826,4.87606310401843
"hsa_piR_017061|gb|DQ593574|Homo_sapiens:17:2180331:2180362:Minus",5.04103463156699,5.17478489291346,5.115104590773,5.14765607989357,4.60064267924658,5.38669619234901,5.02412537073096,5.61657691540517,5.10475336664813,4.58903002490021,4.670774626615,5.26997640663113,5.95596569110341,5.55619783630801,5.32074957004423,5.28840430381578,4.62360389147841,5.07504617718876,4.72616120846578,5.02849554321268,4.69248524221291,6.12424922398439,6.04784520791814,5.77321829310212,6.14137665399987,5.99050390984033,5.53490558548419,5.99214147941389,5.72287104764415,5.5940847205834,7.05503054760024,6.39836977305335,6.49342070571613,6.08515626492387,5.73816067237597,5.95106306894991,6.41282664286305,6.67490770841402,7.50647612508053,8.40637641838226,8.37388026212131,7.73406260724554,8.03599457249406,7.28879250328418,8.09082752731347,7.73287538504769,6.9787854426644,7.27423782792077,7.47685226607768,8.1982191442854,8.09828975819808,8.84898389158371,8.34085818068847,8.46357768271469
"hsa_piR_001207|gb|DQ571591|Homo_sapiens:16:88155360:88155385:Plus",4.98443304537135,5.32156784819113,5.39152041401524,5.94700187044405,5.11449454842641,5.8782166653809,5.59072537630135,5.85929266421474,5.8292147544895,5.89433533922354,5.89622951429305,6.25980380343006,6.55207004708046,6.43847472402337,6.33597127973026,6.28251144495719,5.91940881377925,6.15590460799839,6.34171543118436,6.22327986325821,5.60572543822245,5.07133594453931,5.1666356903927,5.20219994213933,5.703800692505,6.88870404731337,6.61672495952535,7.83376120547021,8.11775023798606,7.99832404995709,6.73592643509809,6.68898931246553,7.09476432677457,8.40022489845378,8.18619823718482,9.11772689438308,6.87400176022673,6.85262309410447,7.60071707943912,7.32215297158985,7.51340117027006,7.01242861015329,8.09018143559763,7.6987234095875,8.98617278622166,7.22561626365707,7.49884934526582,6.63240286507776,7.12228731657843,7.85331828627555,7.34349064651573,8.41084785532501,8.87466644854858,8.87701656167144
"hsa_piR_011968|gb|DQ586183|Homo_sapiens:5:126543422:126543451:Minus",4.98443304537135,5.38954360842698,5.77344923051601,3.66671194520186,4.15688070117086,3.8053897602023,3.80490594933579,4.58564406705393,4.73186508157882,6.45006102266908,6.42768902567377,6.27797151517093,5.7108100539498,6.25389802073204,5.6130510156457,7.37156754342201,7.41654913574006,7.55142991698958,6.98062011778593,6.78298205458304,6.48915966198215,5.50503421294205,5.64960167326725,5.77321829310212,5.49465568857209,6.29616609429846,6.1970590482082,4.39737447586476,5.08412090252172,4.20836852218614,4.5344979805131,3.85577286754317,4.38358232459514,4.46918336071355,4.06537935404243,4.3606468687932,4.04729024337753,4.32254129815511,4.61601505059711,4.49198484326306,3.74863644070827,3.95186435899312,4.01496739623507,4.25020059308562,4.61341261102163,3.70359841103796,4.73007958523128,3.88829119976241,3.1843320913173,3.75687459245667,4.05766501533452,4.02593876732697,3.37317015003562,5.79441240688357
"hsa_piR_003728|gb|DQ575064|Homo_sapiens:14:20935370:20935400:Minus",4.92538937585983,5.13552918246107,5.51160099888068,4.64341667509143,4.77628070314096,4.7034638297528,4.38516374073125,3.29347424275739,4.47423911904729,5.1432994361518,5.08095142405954,5.50639258123746,5.41406508315987,5.58802778163024,5.79002035814555,5.14719790926123,5.14923407359443,5.07504617718876,4.69214369685147,4.67616931170762,5.07733636143681,5.65241482168168,5.09255697952817,5.43754333260453,5.41017835293866,5.26431954586969,5.5786468887149,5.36329721094664,5.3166649252346,5.26752421224316,5.54139700496764,4.88164019171358,5.70865094696716,5.08760310600693,5.12949552183052,5.47103251487036,4.63989682558189,4.42500906193279,5.53897379039425,6.71545907506563,6.42591796443843,5.93767205483106,5.74705625995407,5.16180548333975,5.92590331826961,5.92784854963602,5.80321579862832,5.79307315534696,5.46381214342446,5.40406046999622,5.57864494804337,6.73216796844729,5.90609249182738,6.58037508714232
"hsa_piR_005019|gb|DQ576918|Homo_sapiens:2:27127216:27127243:Plus",4.86367079617188,4.48418838778549,4.4344984794026,4.77279913939705,4.15688070117086,4.62026210705024,4.38516374073125,4.26976118409698,4.52083681018941,4.23226859924038,4.40616856236344,4.21018149982238,4.76368712077793,4.69178163481498,4.02080577795466,4.29630404816706,4.58523256856943,4.67653302860943,4.08912729074638,3.99940575380429,4.203031102104,3.8282303127304,3.52237544997606,4.45234613151691,3.65535919473307,4.52681908601042,4.66945304172861,4.52578110736914,4.27624812177061,4.41315076123626,5.09058749985904,4.24238815364517,4.05230026488169,4.07680313048681,4.06537935404243,4.3606468687932,4.41867005222601,4.35762032737215,5.21539246957107,5.23261833316319,5.00196144895453,4.66418512114687,4.81546591995871,4.97814522740003,5.12904650767559,5.53562184222112,5.64469154020401,5.46227775007118,5.74734479347642,5.67229954123758,5.57864494804337,5.27143657925958,5.36789818753063,5.93683099044331
"hsa_piR_011300|gb|DQ585261|Homo_sapiens:3:102778418:102778444:Minus",4.86367079617188,4.34804141338247,4.66660766452862,5.47959810566674,5.80864086996135,5.23131233156104,4.43555701777654,4.48868988415462,4.60932883862858,4.31204426909446,4.72939135882033,4.89139151991957,5.03698767607417,5.14802465340168,5.22465017971585,4.22382287327355,4.50495584375945,3.99419247651129,3.69818001015757,4.05122906593401,3.823099906727,5.81110698055593,5.59756514561393,5.63900158026317,4.88789741016218,3.72813931504513,3.81023712584762,3.21445605810809,4.27624812177061,4.28039350454771,4.84097263839929,4.29635159918724,4.70436528504799,3.48237087481338,3.77720153551135,3.23034007889918,3.29744509928357,3.39612342638659,2.35962910757546,4.21721147422411,3.98070490641664,3.57161164688809,3.06602551815994,3.62092107552435,3.35625516334432,2.35962910757546,3.22851708173251,2.89035923541579,2.94669578799365,3.12694560890142,2.35962910757546,3.13748655370631,2.35962910757546,2.35962910757546
"hsa_piR_020466|gb|DQ598130|Homo_sapiens:3:132680740:132680767:Minus",4.86367079617188,5.48569522593597,5.56800119602256,4.77279913939705,4.77628070314096,4.8557901511756,4.81856928295743,4.32812202725454,4.80772910878811,6.39985661341401,6.96290035097675,5.681524416017,5.95596569110341,6.19353784303144,5.82290758168117,5.85967891310645,5.87416703832593,6.07335474297527,6.07465169832106,6.26359138646418,6.29073718995021,6.44647301127255,6.68989114455785,7.06137471924596,6.66795538991638,6.38507086226204,6.29141177875831,6.26132990181457,6.23014194685363,6.08222387251553,7.4233285752,6.27841786558585,6.71393400130489,6.41158181769013,6.35270653986575,5.9050812256757,5.09603410650348,4.93559259311998,5.87966850905712,5.90205423416878,5.88582229756132,5.2174769312616,5.64110026115535,5.30188715341042,6.15079075996234,5.16392360219559,4.97692684504546,5.2073859595552,5.21443581615323,5.29729028314467,4.70483333669572,5.91332561293482,5.36789818753063,5.63607633268188
"hsa_piR_018165|gb|DQ595023|Homo_sapiens:14:102873935:102873963:Plus",4.86367079617188,5.38954360842698,5.32738688414743,4.2498663935324,4.46907263493534,4.2213403362523,4.61957788564535,4.26976118409698,4.3756823880541,5.22374882925834,4.72939135882033,4.79086806445623,4.83734147506511,5.23167635481129,4.88832661243988,5.3539756729385,5.31820463280905,5.05013788694606,5.61076996730318,6.17123679008349,5.9890565198512,6.18325237823939,6.66503473815612,6.00867590167639,6.31256984499368,5.68771719274737,5.72187293849211,7.91921204750498,8.04332170552084,7.60853206924963,8.53877409178491,7.95481627796673,8.42852316408404,8.31393199602038,8.45803899446244,8.26173176827758,6.0073110052233,5.74289610923495,6.41074753928867,7.05718966609153,7.01378469100267,6.33267096201535,7.04245958168748,6.32886938861796,7.02046162622541,5.94675905318188,5.72617128536566,5.46227775007118,6.09744378982596,6.73651154747268,6.36731960880723,7.04816849902096,5.96865470105537,6.44455913620696
"hsa_piR_004531|gb|DQ576233|Homo_sapiens:6:31698835:31698864:Plus",4.79900763660616,5.17478489291346,5.03643638176632,5.28155798922103,4.83005615918482,4.99269989230061,5.54771283165128,5.57174192635394,5.61973512995363,5.05787941397824,5.71129263885841,4.93899177723775,5.09755298587358,5.01221180278089,4.43973329804497,4.5508623524307,4.41940251687299,4.77236306287362,4.97119801649731,4.76601008495344,4.79942284301139,4.49946423018132,4.28290189806853,4.83740933752093,4.48314256782784,4.31360966190656,4.33954236971628,4.80073874276167,4.86492848182244,4.64360878334576,5.09058749985904,5.23718070777146,5.53282514835872,4.85628577338568,5.12949552183052,5.64976367835815,3.49872445538387,3.999188409055,4.29695807963071,3.86281906413692,4.17403139938602,4.02966224782621,4.01496739623507,3.62092107552435,4.76189416943552,3.80334606930247,3.41618189657375,3.40412323414784,3.63908288099939,3.70950835630693,3.87453967696694,3.86502537317715,3.37317015003562,4.11386252138204
"hsa_piR_008488|gb|DQ581533|Homo_sapiens:12:117916274:117916302:Plus",4.73108478945295,4.92047984466074,5.45284449533613,4.83309257407273,5.23732504720076,4.7034638297528,4.81856928295743,4.84004922741654,4.87955220524774,4.70823616272177,4.89129728273204,5.70871217615335,5.78528058414268,5.27168555860187,5.36642522631464,4.49177242068502,4.66089341698992,4.38067527823483,6.00933667670458,6.09503496880293,5.37765909647029,6.86117935055354,7.14987296716918,6.56971448309464,5.66800713576573,6.31439441057711,5.68241060086823,6.5026546386985,6.49590480529428,6.24196704121562,6.12071301551305,5.33793214949602,6.17432286413504,6.04979470079566,6.27952871542735,6.47527825888393,5.36001026925991,5.46703512651042,6.15423659126543,6.1212744923802,5.75357365228653,5.65675170247781,6.47652768138855,5.76973763266875,6.5557566822893,6.26528803684193,6.19414587734131,5.98262197776328,6.23650411165588,6.14638834682965,5.84862004945232,6.81301213141505,6.71450021192099,6.58037508714232
"hsa_piR_021057|gb|DQ598951|Homo_sapiens:9:134884780:134884806:Plus",4.73108478945295,4.34804141338247,3.53407838682816,4.50001986205861,3.96503315991958,4.33332303311674,4.74248568713755,4.6759435938998,4.87955220524774,4.23226859924038,4.16437244471751,4.36362480220224,4.83734147506511,4.18192616972775,4.24783967641663,4.90394961383678,5.04253730273041,5.46050267793076,4.94288042045271,4.95492265861211,4.9299734825297,4.49946423018132,4.13424165325511,5.13657316543695,4.39403281050005,4.23378529405513,4.16712863927988,3.39931205791444,3.68620229034286,3.3716522504655,3.52135557267264,3.9296940837569,3.2415536490938,3.81954819137463,3.77720153551135,2.35962910757546,3.93350868624764,4.0884389911265,3.44870991697558,3.71533617836992,3.45135389193058,3.95186435899312,3.06602551815994,4.14851341418226,3.74358560823328,4.33069996942392,4.20385936616055,3.96353931864477,3.1843320913173,3.80224838101083,3.65558587363328,3.13748655370631,4.05262964842882,3.41247407199288
"hsa_piR_002732|gb|DQ573682|Homo_sapiens:22:38039830:38039857:Minus",4.65953034615457,4.82399162320497,4.8641046765122,4.8908114964511,4.53651138256244,4.78178164599802,4.81856928295743,4.76050227697264,4.69225989611775,4.45794421235248,4.83945588424933,4.73764966891177,4.83734147506511,5.27168555860187,5.53555074949529,5.10952823722874,5.01451908095171,4.99892459345998,4.75933530464515,4.47584996695541,4.35603059027012,4.62328487836336,4.74823212106892,4.75107609511114,4.56652535530689,5.40869358991298,5.44311903679181,6.48777157823157,6.85691492481353,6.38563869873591,5.79290677074819,5.33793214949602,6.11346072625509,6.18626822483288,6.20240358482123,6.67947099014103,6.01993006812199,6.06644010869829,7.08523175236201,5.67787010281577,5.66786460494591,5.3886657065442,6.92795213673041,6.54792032017215,7.67101345898572,6.21948295646306,6.53106899071797,6.33781177948768,5.85955574396627,6.29098296958417,5.73224097486648,7.49010339816519,7.70088638709249,8.03103958660236
"hsa_piR_016677|gb|DQ592953|Homo_sapiens:2:205927199:205927228:Plus",4.65953034615457,5.01058175398728,5.51160099888068,4.70967396961004,4.60064267924658,4.92596386458601,4.74248568713755,5.2957748065724,5.07475764636483,4.6499714225044,4.83945588424933,4.56393048742198,4.68575778078179,5.42114879747936,5.22465017971585,4.85884194733204,4.62360389147841,4.91832347921576,4.2446520182172,3.82839163013613,4.0283072446635,3.93572719917428,3.52237544997606,3.47237891615072,3.65535919473307,4.38868399161923,4.03708212683887,5.42783457741437,5.03252295260077,5.33284492549467,4.64468979680392,4.34809541728512,4.70436528504799,4.93782117622634,4.66251448689852,4.93545611167254,4.67340287209043,4.32254129815511,5.38651471161971,4.71857555802334,5.1374692089607,4.98674122750182,5.00166027021063,4.69860769001676,5.12904650767559,4.87311068744354,4.42701335022063,4.66579982616503,5.375427066797,5.08813397193064,4.59879750858045,5.15004883247709,5.69994844483825,6.29450609026276
"hsa_piR_001346|gb|DQ571858|Homo_sapiens:17:24073766:24073794:Plus",4.50365739144908,4.48418838778549,3.53407838682816,4.50001986205861,4.66179968126816,4.8557901511756,4.95899012534214,5.14970883667274,4.98063349528594,5.50585799251766,5.20779291848619,5.02948641933338,5.46048379604699,5.14802465340168,5.36642522631464,5.58930316567801,5.01451908095171,5.32298060524756,4.82332365883886,4.95492265861211,4.61611601268604,5.53576932095326,5.30388236207578,5.06767503922242,5.27306214590457,5.87208292376361,5.76026499925962,6.26132990181457,6.41925678966246,5.74470258370638,5.92483797637682,5.43190270612292,5.86502214237724,5.83785317194701,6.30433953429362,6.9954812120351,7.04352388821531,7.10566918524486,8.08110829625015,7.94617342138694,7.81285361667412,7.34823012730219,8.27111915710477,7.75166838040648,8.75040677665451,7.87696943329199,7.87423958491622,7.65247065672983,8.02737045393415,8.57664804875268,7.91451802889643,8.9006581478391,9.19358792455383,9.35727573482795
"hsa_piR_004309|gb|DQ575884|Homo_sapiens:2:47361402:47361433:Minus",4.32652587372004,4.60739648266208,4.15098446967878,4.50001986205861,4.46907263493534,3.8053897602023,4.5759401464341,3.84488828147982,4.15207513640427,4.96680171378516,4.83945588424933,4.50053835482663,4.60298442450717,4.75075031481627,4.34740862498931,4.36483563965486,4.83315507314039,4.49961798844159,3.5286328387315,4.28146769341674,4.61611601268604,4.93777619067093,6.08592487894857,4.55963148815487,5.47400809394529,4.65172586266535,4.62711448203343,5.18755593704142,4.52891560123767,5.19898736228575,5.88220798951871,5.97262621436814,6.50922448044704,4.81360320451518,4.3985852263416,3.82670423728172,3.99178169759394,3.999188409055,4.79244643509743,5.74562042040208,5.83439200993762,5.30569604971387,4.74724363698253,4.73268761484858,4.89557361255578,4.39043833356421,5.49748091245818,5.12083347344625,5.6254737507254,5.5618910975806,5.65752881516167,5.43573532299612,5.45854433708743,4.722927890286
"hsa_piR_020657|gb|DQ598428|Homo_sapiens:17:72068790:72068821:Plus",4.32652587372004,5.01058175398728,4.95298763829158,4.2498663935324,4.53651138256244,4.62026210705024,4.48405387960384,4.00403742787616,4.15207513640427,5.37190390885546,5.43128260640685,5.11438335188194,5.36605606648337,5.42114879747936,5.79002035814555,4.81218089935215,5.19964444941093,5.49743856694474,5.15457521149853,5.16478969360245,5.07733636143681,6.52445779471759,6.3273470984977,6.52000283406529,6.71223292263308,5.1861064336914,5.1249227778992,5.45902206956836,5.47826985048091,4.83983139783625,7.09268951704541,6.20130080600701,6.90504404776101,4.97682920708617,4.66251448689852,5.53316389632852,4.57022725383794,4.57954669779776,5.71954840063021,7.5268883351932,7.23679470944207,6.30479340256725,5.99610269365022,5.99055969797343,6.51601639003423,5.40408456638853,6.09586344820375,5.73666180173497,5.88097137183166,5.97693639386219,6.50071880115778,7.03138373492512,6.08609143702594,6.29450609026276
"hsa_piR_012925|gb|DQ587514|Homo_sapiens:1:31181176:31181205:Minus",4.32652587372004,4.60739648266208,5.1895309006724,4.42194618372106,4.15688070117086,3.8053897602023,4.16074767422876,4.07613564572389,3.79766337069894,5.05787941397824,4.98940590056953,5.11438335188194,4.76368712077793,4.69178163481498,4.52588643399089,4.60740249372737,5.14923407359443,5.07504617718876,5.12982562503781,4.61272249894312,5.02027726286933,5.59529752634595,6.08592487894857,5.59127308781081,6.10186202957545,5.26431954586969,4.62711448203343,6.31295951638309,6.49590480529428,6.22507482689439,6.97661890427209,6.20130080600701,7.14611340222726,5.85848022448012,6.16222170276945,6.65202045985605,5.31934681556052,5.14267255807258,6.24494990494654,6.57457752552565,6.57372219283261,5.2174769312616,6.41396948513001,5.84722208866443,5.98553954909088,5.06194742650626,5.69952950045232,5.55252720207461,5.46381214342446,5.44208880543991,5.46608956000438,6.60166796993957,5.62398039755974,6.12684554545451
"hsa_piR_007336|gb|DQ580006|Homo_sapiens:2:106681212:106681238:Minus",4.32652587372004,4.66493006471624,5.39152041401524,4.64341667509143,4.32260047138771,5.05633438442649,4.85505974883826,5.05405176553685,4.4259040132414,5.68554306951135,5.68278692083027,5.8373337965693,5.31634037173638,5.64961082589184,6.08896725275578,6.62159357302079,6.38398998086435,6.51833681908588,6.44389520419991,5.97858746332609,6.18015192702787,4.84087631217834,5.30388236207578,5.89581739265982,5.24883974416718,5.22576327614325,5.79764427691945,4.4631696089154,4.60325830018813,4.47469685999102,4.5344979805131,3.99914224603548,4.05230026488169,4.1514243972762,4.53719917984395,5.0258760300485,4.37783236445395,4.63659412048278,4.87266700160431,4.31556506101992,4.68233756024541,4.75234386967706,4.43279299165402,4.62771572461353,4.61341261102163,4.50216820533394,4.28271720519028,4.48781683632853,4.39767476296846,4.61008940138016,4.05766501533452,4.29438697696435,4.05262964842882,5.01365036865685
"hsa_piR_020497|gb|DQ598177|Homo_sapiens:6:28939482:28939513:Minus",4.22775225361286,4.96627307236902,3.98023470114487,4.2498663935324,4.06480715131815,4.53146979543128,3.62347254113528,4.76050227697264,4.47423911904729,4.45794421235248,4.670774626615,4.36362480220224,3.79318424985193,3.87745620021949,4.1396140772379,4.06466337542691,4.00371010120211,3.50049199794468,3.69818001015757,3.62594830515331,3.47018633350987,3.93572719917428,3.76618112818385,3.15596332306186,3.73873859522648,4.23378529405513,4.44265693079875,4.17666440221118,3.95901727672568,3.96261065055871,3.96343817274702,3.69125502412477,3.84463199335119,3.99722213789475,3.77720153551135,3.23034007889918,3.17527069557558,3.47538889859556,4.02822673120045,3.71533617836992,3.61094485038406,3.4497024349666,3.7340130366278,3.84865544621865,4.76189416943552,3.32650041751214,4.11961793419438,3.80768460081698,3.63908288099939,4.07718710744974,4.13957512672691,4.40962018435447,4.64657732604275,4.35056929959824
"hsa_piR_011181|gb|DQ585088|Homo_sapiens:4:106625465:106625491:Plus",4.22775225361286,4.66493006471624,3.53407838682816,4.57367291471892,4.66179968126816,4.78178164599802,4.43555701777654,4.26976118409698,4.26886940415501,5.10125045490921,4.78554832898537,5.11438335188194,5.09755298587358,4.42546453629109,4.88832661243988,5.74313467711355,5.96325554141223,5.6027622628055,6.02264135217567,6.00265074601882,5.80199507442823,4.36260088256213,4.28290189806853,4.55963148815487,4.43935717423285,4.87108113462878,5.37011159784988,4.32801558343299,4.52891560123767,4.28039350454771,3.76497532926312,4.29635159918724,3.2415536490938,4.07680313048681,4.1866892590286,4.83861125494961,4.37783236445395,4.32254129815511,3.86712973865942,3.99312876613493,3.98070490641664,3.57161164688809,3.88321124826607,4.03756204433594,3.35625516334432,4.20199758392233,4.02907284060412,4.22415782898784,4.19406844677392,4.07718710744974,4.05766501533452,4.7894293905152,4.05262964842882,4.54994849905226
"hsa_piR_005271|gb|DQ577259|Homo_sapiens:6:133179660:133179685:Plus",4.00265041300782,4.77303765680376,4.76898182243552,4.50001986205861,4.60064267924658,4.53146979543128,4.38516374073125,4.07613564572389,4.5658280993536,4.5251312613326,4.9412333047888,4.36362480220224,5.5911943019039,5.9227845169291,5.88648085316253,4.94760934228828,4.54570917435654,4.77236306287362,4.14319718930343,4.19448482860548,4.44864616045176,4.73649545792351,4.41578664903586,4.20640127356476,4.19457210659259,4.23378529405513,4.16712863927988,6.20776592061555,5.8748485579065,5.76831745757395,5.16463565308753,4.88164019171358,5.36741185135678,5.19013163065017,5.62385658109129,5.85756230853117,4.24679618219493,4.04465163600656,5.38651471161971,5.18412330724013,5.04862905229015,4.83506436054906,5.84563509945912,5.00593281885243,5.65863640447269,4.55462228747359,5.06436935044156,4.78517900101111,4.91016887737721,5.18165972104364,5.4062399301881,6.27010822745339,6.02858254435727,5.45771501287354
"hsa_piR_019911|gb|DQ597340|Homo_sapiens:14:20930222:20930253:Minus",4.00265041300782,4.66493006471624,4.55568403331113,3.29912407593919,4.06480715131815,3.40240577470623,3.62347254113528,2.9049937949694,4.3756823880541,4.23226859924038,3.44509493863908,3.82903008575179,3.0981705759105,4.2684549673849,4.02080577795466,3.38087364456088,4.17641015958404,3.66644135348577,4.14319718930343,4.28146769341674,4.25613515560306,3.93572719917428,4.28290189806853,4.06240706654475,4.34704480032738,2.98982814305381,3.81023712584762,5.14957467493504,5.13385641191514,5.05081779113265,4.28134802751748,4.73906950075905,5.17977060132713,4.76952655547509,4.73992884710893,4.62115304297137,3.49872445538387,3.68012250621557,3.44870991697558,4.40680587720719,4.34094346874882,4.66418512114687,4.74724363698253,3.97795409119642,4.2537516139273,4.20199758392233,3.7050340461683,4.28146469326025,3.75281665053041,4.07718710744974,4.13957512672691,4.40962018435447,4.28301481959317,3.41247407199288
"hsa_piR_007635|gb|DQ580405|Homo_sapiens:11:46740597:46740623:Minus",4.00265041300782,4.02135621925118,4.30071246823307,3.66671194520186,3.59838522256799,3.62390322745333,3.40204372602104,3.65908815515031,3.71119839044449,4.76406477560006,4.07199405460779,3.82903008575179,4.20634615987393,4.08883674594579,4.52588643399089,4.06466337542691,5.0699957264276,4.64299629169464,4.54662388283922,4.47584996695541,4.44864616045176,4.49946423018132,4.84283026512555,4.45234613151691,4.64492772087039,4.31360966190656,4.16712863927988,5.26053473250568,5.03252295260077,5.16340685119391,5.48522982763606,4.94766736734241,5.17977060132713,4.62786363328039,4.34885312179111,4.49741434301849,4.41867005222601,4.04465163600656,4.79244643509743,4.49198484326306,5.04862905229015,4.29857110092936,4.94237933822303,4.34421287335654,4.61341261102163,4.44751140347268,3.57116324600961,4.10088670433409,4.11804831020504,4.17786427115015,4.35690461824618,4.40962018435447,4.05262964842882,4.54994849905226
"hsa_piR_015254|gb|DQ590835|Homo_sapiens:3:114834325:114834352:Plus",4.00265041300782,4.41791701151137,4.55568403331113,3.02971364924322,3.44024497403775,3.40240577470623,3.51914133422558,2.9049937949694,4.02289622146074,3.59116868290984,3.74088471485746,4.36362480220224,3.79318424985193,3.4564746907467,3.5648760662556,3.19909755089937,3.45289635457541,3.29892349722335,4.65723544080606,4.51143459984583,4.44864616045176,5.44147146674391,5.79512251431885,6.35960117379764,4.56652535530689,4.819503309385,4.53813469628264,4.84954569832096,4.3661300771731,4.47469685999102,5.9662272708093,5.31341856762894,5.68082488950681,4.07680313048681,4.66251448689852,4.62115304297137,3.87212355806791,4.24931398467538,4.94840741283299,5.60670932762136,5.4790599882439,4.98674122750182,4.34069556813919,4.29808429433793,5.0172717525419,5.09678344252211,5.06436935044156,5.02849179168587,4.62692526408107,5.0050370012235,5.17393592560378,5.2120689600883,5.27096762067744,4.722927890286
"hsa_piR_011901|gb|DQ586098|Homo_sapiens:2:106681184:106681214:Minus",3.87170880797705,3.92366927685734,3.20122808430398,3.50073179636741,4.15688070117086,3.8053897602023,4.27797349015657,4.38390989096949,3.87780122505848,4.70823616272177,4.33061410458363,3.93657562430517,3.94774271101182,3.9879217598878,3.88866466191368,4.22382287327355,5.01451908095171,4.7092454316448,4.75933530464515,4.57982006225111,4.89849420332038,4.20921734445263,4.74823212106892,4.06240706654475,4.02048930708746,4.31360966190656,3.89096286178076,4.52578110736914,3.51800954692084,4.20836852218614,2.35962910757546,3.59830840051368,3.58884915128465,3.60754036344525,3.49631879522785,4.20737744744993,4.10032204247065,3.95189176245679,4.41230385320406,3.71533617836992,3.45135389193058,3.68009912840646,4.01496739623507,4.09431592798151,4.61341261102163,4.39043833356421,3.57116324600961,4.10088670433409,3.36313561870856,3.88775840594765,3.87453967696694,4.29438697696435,3.76626876081656,3.81883754401781
"hsa_piR_018811|gb|DQ595848|Homo_sapiens:7:132371015:132371040:Minus",3.55108257825111,4.11156846780826,3.53407838682816,3.93616607003615,2.35962910757546,3.40240577470623,3.10456355836441,3.92722094275678,3.26235364776712,4.81766519903037,5.20779291848619,4.93899177723775,5.211252811262,4.49729617497159,5.00981348964428,5.53406089760842,5.27198508061172,5.58574600257539,5.50033177250647,5.43878380908336,4.86626880762681,4.03402585978532,4.28290189806853,4.20640127356476,3.65535919473307,4.45959462953341,4.78895608855487,4.52578110736914,3.31358097516591,3.64968663585518,2.35962910757546,3.69125502412477,3.95312386321029,3.99722213789475,3.93032330598894,3.82670423728172,3.40376010512367,3.2117993100218,3.6789212427069,3.86281906413692,2.35962910757546,3.30905195585952,2.35962910757546,3.84865544621865,2.35962910757546,3.89478006458865,3.41618189657375,3.10608026323554,2.94669578799365,3.02606366519441,3.19536636162123,3.13748655370631,4.05262964842882,3.81883754401781
"hsa_piR_019354|gb|DQ596587|Homo_sapiens:11:2941674:2941699:Minus",3.3412819964734,3.81686524851189,4.15098446967878,3.66671194520186,3.44024497403775,3.62390322745333,3.62347254113528,3.43200555311422,3.61702605785554,4.14701434481914,3.74088471485746,4.12571374887105,3.94774271101182,3.61673274068463,3.73900946373472,3.38087364456088,3.94006567941062,4.15371548580604,4.33845766854388,4.10088948367714,4.14753963269159,4.49946423018132,3.19262942351669,3.89858324942126,4.02048930708746,4.65172586266535,4.5833763979729,4.94218506969563,4.97891051659109,4.97029136133102,5.92483797637682,5.1839300531237,5.21937777660533,5.01475569560141,5.47763231048229,4.93545611167254,4.67340287209043,4.74382201927184,5.67652230849081,6.31125594674283,5.4790599882439,4.91301446094335,5.60393982223908,5.32392244906937,5.65863640447269,4.9518034452691,5.26142208785263,4.7067886054204,5.34468067485245,5.813682135947,5.99702360419998,6.35371514145595,5.90609249182738,6.00302508599958
"hsa_piR_019368|gb|DQ596603|Homo_sapiens:1:154156432:154156462:Minus",3.3412819964734,3.22419438804944,3.53407838682816,3.29912407593919,2.99310880252163,3.10482760854386,2.88926920161178,2.9049937949694,3.10061248284843,3.59116868290984,3.25263662736535,4.12571374887105,2.35962910757546,3.61673274068463,3.5648760662556,2.95734840608078,3.2143248597005,2.83545572125882,4.42579723639731,4.54607359329236,5.23559502366223,4.68109301866021,5.1666356903927,4.45234613151691,5.22418807235779,4.59075241340132,4.33954236971628,4.39737447586476,5.13385641191514,4.13188420387704,5.3656699915852,5.15651787745398,5.25788673873859,4.46918336071355,4.49262055915362,3.82670423728172,3.29744509928357,3.309069300485,3.86712973865942,4.21721147422411,3.61094485038406,3.30905195585952,4.01496739623507,3.84865544621865,3.35625516334432,3.15386566522688,3.57116324600961,3.2689462792859,3.85566410546988,3.65992041983057,4.05766501533452,4.29438697696435,3.76626876081656,3.81883754401781
"hsa_piR_010541|gb|DQ584197|Homo_sapiens:9:135207523:135207554:Plus",3.3412819964734,2.97547167789013,3.98023470114487,3.02971364924322,3.85586332333556,3.40240577470623,3.51914133422558,3.55213568994696,3.51317186745664,3.72696697867203,4.07199405460779,4.43389941550686,3.94774271101182,3.9879217598878,3.73900946373472,3.19909755089937,3.34195634212757,3.02956817504087,3.43139705370311,3.69780741601784,3.22808802586417,4.03402585978532,4.64644945572149,3.89858324942126,4.24748965285208,4.05674663685829,3.40603387188633,3.39931205791444,3.04020282716747,3.76423469688539,5.01233492060419,4.57948863565905,4.96266399209594,3.60754036344525,3.85637728738051,3.82670423728172,3.80719942489024,3.68012250621557,4.02822673120045,4.91223206398537,4.74114844917702,4.46801451016488,3.56043830081859,3.43483298834185,3.74358560823328,3.70359841103796,3.7050340461683,3.88829119976241,3.94985004292568,4.32929086407899,4.21631636506361,3.67704410410418,3.37317015003562,4.35056929959824
"hsa_piR_019168|gb|DQ596311|Homo_sapiens:14:100479543:100479573:Plus",2.35962910757546,2.35962910757546,2.35962910757546,3.50073179636741,2.35962910757546,3.8053897602023,3.10456355836441,2.35962910757546,2.35962910757546,4.58903002490021,4.89129728273204,4.79086806445623,5.41406508315987,4.96378491364487,5.53555074949529,5.14719790926123,4.62360389147841,5.07504617718876,3.84407740739307,3.99940575380429,2.86603521763892,3.57493196029409,3.96478538307589,3.47237891615072,3.46468670717133,4.45959462953341,4.22729107525346,3.80125504950264,4.27624812177061,3.96261065055871,3.76497532926312,3.9296940837569,4.52146984697209,3.99722213789475,3.77720153551135,4.93545611167254,2.83468752271774,2.96651806858312,3.13864308309761,3.71533617836992,4.26027355942335,3.95186435899312,2.35962910757546,3.32558760273006,3.74358560823328,3.80334606930247,3.7050340461683,3.88829119976241,3.75281665053041,4.56333752923314,5.02133750556201,4.1675115068423,4.93138215205907,4.35056929959824
