"","X","multimapAdjustedReadCount","random_trimmed_F2_S2_R1_001.fastq_tRNA_counts.csv","random_trimmed_F3_S3_R1_001.fastq_tRNA_counts.csv","random_trimmed_F4_S4_R1_001.fastq_tRNA_counts.csv","random_trimmed_M1_S5_R1_001.fastq_tRNA_counts.csv","random_trimmed_M2_S6_R1_001.fastq_tRNA_counts.csv","random_trimmed_M4_S7_R1_001.fastq_tRNA_counts.csv"
"1","nm-tRNA-Tyr-ATA-chr1-10",0,0,0,0,0,0,0.142857142857143
"2","nm-tRNA-Tyr-ATA-chr1-64",0.111111111111111,0,0,0,0,0,0
"3","nm-tRNA-Tyr-ATA-chr11-8",0.111111111111111,0,0,0,0,0,0.142857142857143
"4","nm-tRNA-Tyr-ATA-chr9-2",0.111111111111111,0,0,0,0,0,0.142857142857143
"5","nm-tRNA-Tyr-GCA-chr8-6",0,0,0,0,0,0,0.142857142857143
"6","nm-tRNA-Tyr-GTA-chr1-142",9,3,3.16666666666667,5.5,11.6666666666667,18,21.6666666666667
"7","nm-tRNA-Tyr-GTA-chr10-3",0,0,0,0,8.16666666666667,0,0.142857142857143
"8","nm-tRNA-Tyr-GTA-chr14-8",2,3,2.66666666666667,6,11.6666666666667,18,21.6666666666667
"9","nm-tRNA-Tyr-GTA-chr17-32",0,0,0,0,4.5,0,0
"10","nm-tRNA-Tyr-GTA-chr17-33",0.111111111111111,0,0,0,0,0,0.142857142857143
"11","nm-tRNA-Tyr-GTA-chr2-12",0.111111111111111,0,0,0,8.16666666666667,0,0.142857142857143
"12","nm-tRNA-Tyr-GTA-chr21-2",9,3,3.16666666666667,5.5,11.6666666666667,18,21.6666666666667
"13","nm-tRNA-Tyr-GTA-chr4-1",0.111111111111111,0,0,0,0,0,0
"14","nm-tRNA-Tyr-GTA-chr7-1",0.111111111111111,0,0,0,0,0,0.142857142857143
"15","nm-tRNA-Tyr-GTA-chr7-2",0,0,0,0,8.16666666666667,0,0.142857142857143
"16","nm-tRNA-Tyr-GTA-chr7-6",0.111111111111111,0,0,0,0,0,0.142857142857143
"17","nm-tRNA-Tyr-GTA-chr9-10",0.111111111111111,0,0,0,0,0,0.142857142857143
"18","nm-tRNA-Tyr-GTA-chr9-4",0,0,0,0,0,0,0.142857142857143
"19","nm-tRNA-Tyr-NNN-chr2-20",0,0,0,0,0,0,0.142857142857143
"20","nm-tRNA-Tyr-NNN-chr2-8",0,0,0,0,0,0,0.142857142857143
"21","nmt-tRNA-Gln-TTG-7-1",0,0,0,0,0,1.5,0
"22","nmt-tRNA-Gln-TTG-9-1",0,0,0,0,0,1.5,1
"23","nmt-tRNA-Leu-TAA-1-1",0,0,0,0,54,1,0
"24","nmt-tRNA-Leu-TAA-4-1",0,0,1,1,9,3,0
"25","nmt-tRNA-Val-TAC-1-1",0,0,3,0,0,0,0
"26","tRNA-Ala-AGC-1-1",22.5595238095238,0.43452380952381,13.7559523809524,50.5357142857143,27,3.44642857142857,42.7757936507936
"27","tRNA-Ala-AGC-10-1",0,0,0,0.25,0,0,2.375
"28","tRNA-Ala-AGC-11-1",22.5714285714286,0.25,9.21428571428571,13.2857142857143,0.571428571428571,2.28571428571429,0.761904761904762
"29","tRNA-Ala-AGC-12-1",0,0,0,0.25,0,0,2.375
"30","tRNA-Ala-AGC-12-2",0,0,0,0.25,0,0,2.375
"31","tRNA-Ala-AGC-12-3",0,0,0,0.25,0,0,2.375
"32","tRNA-Ala-AGC-13-1",0,0,0,0.5,0,0,0.25
"33","tRNA-Ala-AGC-13-2",0,0,0,0.5,0,0,0.25
"34","tRNA-Ala-AGC-14-1",0,0,0,0.25,0,0,2.375
"35","tRNA-Ala-AGC-15-1",0,0.25,0.5,0.821428571428571,0,0,2.125
"36","tRNA-Ala-AGC-16-1",0,0,0,0,0,0,0.25
"37","tRNA-Ala-AGC-17-1",0,0,0,0,0,0,0.25
"38","tRNA-Ala-AGC-19-1",0,0,0,0.5,0,0,0
"39","tRNA-Ala-AGC-2-1",91.2628205128205,4.61080586080586,15.3232600732601,44.5054945054945,33.9102564102564,6.71794871794872,26.6179098679099
"40","tRNA-Ala-AGC-2-2",91.2628205128205,4.61080586080586,15.3232600732601,44.5054945054945,33.9102564102564,6.71794871794872,26.6179098679099
"41","tRNA-Ala-AGC-20-1",5.5,0,3.5,2,0,0,0
"42","tRNA-Ala-AGC-22-1",1.57142857142857,0,0.714285714285714,2.21428571428571,0.571428571428571,0.285714285714286,1.42857142857143
"43","tRNA-Ala-AGC-3-1",80.5961538461538,4.11080586080586,15.1565934065934,43.8388278388278,33.9102564102564,6.71794871794872,26.6179098679099
"44","tRNA-Ala-AGC-4-1",39.5,0.875,26.0135281385281,28,18.4545454545455,6.5,20.3863636363636
"45","tRNA-Ala-AGC-5-1",0.846153846153846,1.02747252747253,5.73992673992674,4.33882783882784,3.07692307692308,1.55128205128205,4.36790986790987
"46","tRNA-Ala-AGC-6-1",0,0.166666666666667,0.166666666666667,5,0,0,0
"47","tRNA-Ala-AGC-7-1",91.2628205128205,4.61080586080586,15.3232600732601,44.5054945054945,33.9102564102564,6.71794871794872,26.6179098679099
"48","tRNA-Ala-AGC-8-1",37.0714285714286,3.75,13.2142857142857,33.7857142857143,23.0714285714286,11.2857142857143,35.2619047619048
"49","tRNA-Ala-AGC-8-2",37.0714285714286,3.75,13.2142857142857,33.7857142857143,23.0714285714286,11.2857142857143,35.2619047619048
"50","tRNA-Ala-AGC-9-1",1.57142857142857,0,2.71428571428571,1.28571428571429,0.571428571428571,0.285714285714286,0.428571428571429
"51","tRNA-Ala-AGC-9-2",1.57142857142857,0,2.71428571428571,1.28571428571429,0.571428571428571,0.285714285714286,0.428571428571429
"52","tRNA-Ala-AGC-chr6-164",0,0,0,0.25,0,0,2.375
"53","tRNA-Ala-AGC-chr6-166",0,0,0,0.25,0,0,2.375
"54","tRNA-Ala-AGC-chr6-168",0,0,0,0.5,0,0,0.25
"55","tRNA-Ala-AGC-chr6-96",0,0,0,0.5,0,0,0
"56","tRNA-Ala-AGC-chr6-97",1.57142857142857,0,0.714285714285714,1.28571428571429,0.571428571428571,0.285714285714286,0.428571428571429
"57","tRNA-Ala-ATC-chr6-107",4.25,0.125,5.58928571428571,7.10714285714286,2.85714285714286,2.44642857142857,6.125
"58","tRNA-Ala-CGC-1-1",82.7857142857143,4.56071428571429,35.2801948051948,77.5428571428571,44.6831168831169,8.84285714285714,79.4911255411255
"59","tRNA-Ala-CGC-2-1",82.7857142857143,4.89404761904762,34.9468614718615,79.2095238095238,44.6831168831169,8.84285714285714,77.1577922077922
"60","tRNA-Ala-CGC-3-1",30.2857142857143,1.66071428571429,24.922619047619,26.6428571428571,44.4285714285714,9.14285714285714,35.5436507936508
"61","tRNA-Ala-CGC-4-1",0.846153846153846,0.860805860805861,5.57326007326007,4.83882783882784,2.07692307692308,1.55128205128205,7.36790986790987
"62","tRNA-Ala-CGC-5-1",5.5,0,5.59090909090909,2.5,5.45454545454546,1,0.858585858585859
"63","tRNA-Ala-TGC-1-1",4.34615384615385,1.5989010989011,6.97369297369297,11.0769230769231,5.86480186480187,3.55128205128205,19.4487179487179
"64","tRNA-Ala-TGC-2-1",82.7857142857143,5.275,35.4230519480519,77.5428571428571,46.6831168831169,8.84285714285714,79.4911255411255
"65","tRNA-Ala-TGC-3-1",82.7857142857143,5.60833333333333,35.0897186147186,79.2095238095238,47.1831168831169,8.84285714285714,77.1577922077922
"66","tRNA-Ala-TGC-3-2",82.7857142857143,5.60833333333333,35.0897186147186,79.2095238095238,47.1831168831169,8.84285714285714,77.1577922077922
"67","tRNA-Ala-TGC-4-1",59.2857142857143,19.375,45.1563852813853,49.6428571428571,62.8831168831169,19.1428571428571,116.957792207792
"68","tRNA-Ala-TGC-5-1",0.846153846153846,1.0989010989011,2.97369297369297,4.07692307692308,3.53146853146853,1.38461538461538,4.61538461538462
"69","tRNA-Ala-TGC-6-1",4.34615384615385,1.88461538461538,6.07326007326007,33.0769230769231,2.41025641025641,8.55128205128205,17.1153846153846
"70","tRNA-Ala-TGC-7-1",0.846153846153846,1.0989010989011,2.97369297369297,1.07692307692308,3.53146853146853,1.38461538461538,4.61538461538462
"71","tRNA-Ala-TGC-8-1",0.846153846153846,0.384615384615385,2.73992673992674,1.07692307692308,1.07692307692308,1.38461538461538,4.97902097902098
"72","tRNA-Ala-TGC-9-1",0,0,0,1,0,0,0
"73","tRNA-Arg-ACG-1-1",16.0952380952381,1.66666666666667,9.52380952380952,3.76190476190476,7.85714285714286,2.71428571428571,8.9047619047619
"74","tRNA-Arg-ACG-1-2",16.0952380952381,1.66666666666667,9.52380952380952,3.76190476190476,7.85714285714286,2.71428571428571,8.9047619047619
"75","tRNA-Arg-ACG-1-3",16.0952380952381,1.66666666666667,9.52380952380952,3.76190476190476,7.85714285714286,2.71428571428571,8.9047619047619
"76","tRNA-Arg-ACG-2-1",4.17857142857143,0.5,6.85714285714286,4.67857142857143,11.6071428571429,3.96428571428571,9.32142857142857
"77","tRNA-Arg-ACG-2-2",4.17857142857143,0.5,6.85714285714286,4.67857142857143,11.6071428571429,3.96428571428571,9.32142857142857
"78","tRNA-Arg-ACG-2-3",4.17857142857143,0.5,6.85714285714286,4.67857142857143,11.6071428571429,3.96428571428571,9.32142857142857
"79","tRNA-Arg-ACG-2-4",4.17857142857143,0.5,6.85714285714286,4.67857142857143,11.6071428571429,3.96428571428571,9.32142857142857
"80","tRNA-Arg-CCG-1-1",1.57142857142857,0.458333333333333,2.20833333333333,2.97619047619048,6.75,1.00119047619048,1.98809523809524
"81","tRNA-Arg-CCG-1-2",1.57142857142857,0.458333333333333,2.20833333333333,2.97619047619048,6.75,1.00119047619048,1.98809523809524
"82","tRNA-Arg-CCG-1-3",1.57142857142857,0.458333333333333,2.20833333333333,2.97619047619048,6.75,1.00119047619048,1.98809523809524
"83","tRNA-Arg-CCG-2-1",60,6,23,5,24,10,6
"84","tRNA-Arg-CCT-1-1",50.5,13.7,138.8,75,29.3333333333333,10.2,88.2
"85","tRNA-Arg-CCT-2-1",50.5,13.7,138.8,75,29.3333333333333,10.2,88.2
"86","tRNA-Arg-CCT-3-1",42,9.2,96.3,32.5,22.5,7.2,53.7
"87","tRNA-Arg-CCT-4-1",91,10.2,127.3,50.5,156.833333333333,17.2,71.7
"88","tRNA-Arg-CCT-5-1",28,8.2,79.8,25,18,6.2,48.2
"89","tRNA-Arg-TCG-1-1",17,2.16666666666667,11.5,13,7,0.4,5.4
"90","tRNA-Arg-TCG-2-1",2.57142857142857,0.291666666666667,0.708333333333333,1.80952380952381,2,0.267857142857143,0.971428571428571
"91","tRNA-Arg-TCG-3-1",3.57142857142857,0.291666666666667,4.625,2.64285714285714,6.75,0.667857142857143,2.72142857142857
"92","tRNA-Arg-TCG-4-1",2.57142857142857,0.291666666666667,1.70833333333333,1.80952380952381,2,0.267857142857143,0.971428571428571
"93","tRNA-Arg-TCG-5-1",2.57142857142857,0.291666666666667,1.70833333333333,1.80952380952381,2,0.267857142857143,0.971428571428571
"94","tRNA-Arg-TCG-6-1",0,0.166666666666667,0,0,0,0,0
"95","tRNA-Arg-TCT-1-1",23,3.2,29.8,13.6,15.8,8.6,45.2
"96","tRNA-Arg-TCT-2-1",0,0.533333333333333,4.05,0.933333333333333,1.3,5.93333333333333,5.95
"97","tRNA-Arg-TCT-3-1",0,0.533333333333333,3.55,2.43333333333333,1.3,3.93333333333333,7.45
"98","tRNA-Arg-TCT-3-2",0,0.533333333333333,3.55,3.43333333333333,1.3,3.93333333333333,7.45
"99","tRNA-Arg-TCT-5-1",0,0.2,3.05,0.6,1.3,3.6,4.95
"100","tRNA-Asn-ATT-1-1",0,0.105263157894737,1.04347826086957,0.105263157894737,0,0.210526315789474,0
"101","tRNA-Asn-ATT-1-2",0,0.105263157894737,1.04347826086957,0.105263157894737,0,0.210526315789474,0
"102","tRNA-Asn-GTT-1-1",34.2448165869218,3.0686853351327,11.7774635566196,32.5323551362638,11.8028527200354,9.64380636694037,8.68457002234092
"103","tRNA-Asn-GTT-10-1",0,0,0.0434782608695652,0.666666666666667,0,0.666666666666667,2.75
"104","tRNA-Asn-GTT-11-2",0,0.0909090909090909,0.2,0.672727272727273,0,0.6,0.5
"105","tRNA-Asn-GTT-12-1",0,0,2.04347826086957,4.66666666666667,0,1.66666666666667,6.75
"106","tRNA-Asn-GTT-13-1",1.36602870813397,0.0526315789473684,0.290909090909091,0.715789473684211,0.157894736842105,0.68695652173913,0.393188854489164
"107","tRNA-Asn-GTT-15-1",0.931818181818182,0,0.0909090909090909,0.66546267629859,0.981424148606811,0.0869565217391304,0.393188854489164
"108","tRNA-Asn-GTT-16-1",1.5,0.167763157894737,2.46994884910486,0.71188080495356,0,2.20684984520124,0.294117647058824
"109","tRNA-Asn-GTT-16-3",1.5,0.167763157894737,2.46994884910486,0.71188080495356,0,2.20684984520124,0.294117647058824
"110","tRNA-Asn-GTT-16-5",0,0,0.2,0.4,0,0.6,0
"111","tRNA-Asn-GTT-17-1",0,1.15384615384615,5.07692307692308,2,0,6,9.27149321266968
"112","tRNA-Asn-GTT-19-1",0.931818181818182,0,0.0909090909090909,0.66546267629859,0.981424148606811,0.0869565217391304,0.393188854489164
"113","tRNA-Asn-GTT-2-1",40.7902711323764,13.1823216987691,23.8325140616701,110.135890489799,61.7513375685202,30.6670386901727,56.2959336587046
"114","tRNA-Asn-GTT-2-2",40.7902711323764,13.1823216987691,23.8325140616701,110.135890489799,61.7513375685202,30.6670386901727,56.2959336587046
"115","tRNA-Asn-GTT-2-3",40.7902711323764,13.1823216987691,23.8325140616701,110.135890489799,61.7513375685202,30.6670386901727,56.2959336587046
"116","tRNA-Asn-GTT-2-4",40.7902711323764,13.1823216987691,23.8325140616701,110.135890489799,61.7513375685202,30.6670386901727,56.2959336587046
"117","tRNA-Asn-GTT-2-5",40.7902711323764,13.1823216987691,23.8325140616701,110.135890489799,61.7513375685202,30.6670386901727,56.2959336587046
"118","tRNA-Asn-GTT-2-6",40.7902711323764,13.1823216987691,23.8325140616701,110.135890489799,61.7513375685202,30.6670386901727,56.2959336587046
"119","tRNA-Asn-GTT-21-1",0.684210526315789,0.0526315789473684,0,0,0,0.0869565217391304,0.235294117647059
"120","tRNA-Asn-GTT-22-1",0,0,0,0.0555555555555556,0,0,0
"121","tRNA-Asn-GTT-3-1",36.3787878787879,12.7060790087106,24.7019224310784,115.233685389258,60.6865800865801,27.1425821684336,56.1353078294255
"122","tRNA-Asn-GTT-4-1",10.0478468899522,1.22039473684211,5.26215664131265,1.82431317822185,2.24657566375833,4.29380636694037,7.12519802179245
"123","tRNA-Asn-GTT-6-1",15.4242424242424,1.50990675990676,6.12237762237762,23.0932016040375,11.8028527200354,4.88241106719367,15.5889244914013
"124","tRNA-Asn-GTT-7-1",16.1084529505582,1.56253833885413,8.32237762237762,19.3932016040375,11.8028527200354,4.88241106719367,10.5889244914013
"125","tRNA-Asn-GTT-8-1",0,0,0.0434782608695652,0.666666666666667,0,0.666666666666667,0.867647058823529
"126","tRNA-Asn-GTT-9-1",2.86602870813397,0.220394736842105,2.98942936858538,0.71188080495356,0.0714285714285714,4.29380636694037,1.00420168067227
"127","tRNA-Asn-GTT-9-2",2.86602870813397,2.22039473684211,2.98942936858538,1.71188080495356,1,4.29380636694037,2.88655462184874
"128","tRNA-Asn-GTT-chr1_KI270713v1_random-2",1.36602870813397,1.05263157894737,2.09090909090909,1.66546267629859,5.98142414860681,2.08695652173913,12.3931888544892
"129","tRNA-Asn-GTT-chr1-110",40.7902711323764,13.1823216987691,23.8325140616701,110.135890489799,61.7513375685202,30.6670386901727,56.2959336587046
"130","tRNA-Asn-GTT-chr1-122",0,1,1.04347826086957,0,0,0,0.75
"131","tRNA-Asn-GTT-chr1-126",0.25,0,0,0,0,0,0
"132","tRNA-Asn-GTT-chr1-139",1.36602870813397,0.0526315789473684,0.290909090909091,0.715789473684211,0.157894736842105,0.68695652173913,0.393188854489164
"133","tRNA-Asn-GTT-chr1-140",5.04784688995215,0.720394736842105,3.36215664131265,8.27551716858992,9.35324675324675,6.49380636694037,2.64965622612681
"134","tRNA-Asn-GTT-chr1-19",0.931818181818182,0,0.0909090909090909,0.66546267629859,0.981424148606811,0.0869565217391304,0.393188854489164
"135","tRNA-Asn-GTT-chr1-21",40.7902711323764,13.1823216987691,23.8325140616701,110.135890489799,61.7513375685202,30.6670386901727,56.2959336587046
"136","tRNA-Asn-GTT-chr1-29",2.86602870813397,0.220394736842105,3.98942936858538,2.60811271202138,0.981424148606811,4.29380636694037,4.2797434763379
"137","tRNA-Asn-GTT-chr1-98",0,0.0909090909090909,0.2,0.672727272727273,0,0.6,0.5
"138","tRNA-Asn-GTT-chr1-99",0,0,0,0,0,0,0.117647058823529
"139","tRNA-Asp-GTC-1-1",4422.54029304029,114.67032967033,1283.4184981685,1391.75091575092,2056.61080586081,732.562271062271,1075.55677655678
"140","tRNA-Asp-GTC-2-1",2201.6038128538,43.3533133533134,619.714535464533,587.235014985014,625.070013320013,278.737678987679,347.020646020645
"141","tRNA-Asp-GTC-2-10",2201.6038128538,43.3533133533134,619.714535464533,587.235014985014,625.070013320013,278.737678987679,347.020646020645
"142","tRNA-Asp-GTC-2-11",2201.6038128538,43.3533133533134,619.714535464533,587.235014985014,625.070013320013,278.737678987679,347.020646020645
"143","tRNA-Asp-GTC-2-2",2201.6038128538,43.3533133533134,619.714535464533,587.235014985014,625.070013320013,278.737678987679,347.020646020645
"144","tRNA-Asp-GTC-2-3",2201.6038128538,43.3533133533134,619.714535464533,587.235014985014,625.070013320013,278.737678987679,347.020646020645
"145","tRNA-Asp-GTC-2-4",2201.6038128538,43.3533133533134,619.714535464533,587.235014985014,625.070013320013,278.737678987679,347.020646020645
"146","tRNA-Asp-GTC-2-5",2201.6038128538,43.3533133533134,619.714535464533,587.235014985014,625.070013320013,278.737678987679,347.020646020645
"147","tRNA-Asp-GTC-2-6",2201.6038128538,43.3533133533134,619.714535464533,587.235014985014,625.070013320013,278.737678987679,347.020646020645
"148","tRNA-Asp-GTC-2-7",2201.6038128538,43.3533133533134,619.714535464533,587.235014985014,625.070013320013,278.737678987679,347.020646020645
"149","tRNA-Asp-GTC-2-8",2201.6038128538,43.3533133533134,619.714535464533,587.235014985014,625.070013320013,278.737678987679,347.020646020645
"150","tRNA-Asp-GTC-2-9",2201.6038128538,43.3533133533134,619.714535464533,587.235014985014,625.070013320013,278.737678987679,347.020646020645
"151","tRNA-Asp-GTC-3-1",2036.48260073259,37.5228937728938,393.98901098901,496.074175824175,573.444139194139,186.914835164835,315.691391941391
"152","tRNA-Asp-GTC-4-1",8.58516483516484,2.59340659340659,9.8992673992674,12.1126373626374,10.7582417582418,1.32509157509157,15.4413919413919
"153","tRNA-Asp-GTC-5-1",2.75,0.326923076923077,3.83333333333333,4.47710622710623,2.41666666666667,1.08333333333333,5.08333333333333
"154","tRNA-Cys-ACA-1-1",0,0,0.571428571428571,0.111111111111111,7,0,0
"155","tRNA-Cys-GCA-1-1",29,1.125,31.3928571428571,11.2929292929293,16,14.2619047619048,3.09090909090909
"156","tRNA-Cys-GCA-10-1",2.54973262032086,0.15,11.7873051784816,1.76606726606727,2.1,2.56666666666667,0.946037296037296
"157","tRNA-Cys-GCA-11-1",6.05882352941176,0.0769230769230769,134.348416289593,25.0769230769231,24,17.7282051282051,5.43939393939394
"158","tRNA-Cys-GCA-12-1",0.0909090909090909,0,1,0,0,0.166666666666667,0
"159","tRNA-Cys-GCA-13-1",2.54973262032086,0.15,13.7873051784816,1.58424908424908,2.1,2.56666666666667,0.855128205128205
"160","tRNA-Cys-GCA-14-1",2.54973262032086,0.15,11.7873051784816,1.58424908424908,1.6,2.56666666666667,1.12785547785548
"161","tRNA-Cys-GCA-15-1",2.54973262032086,0.15,11.7873051784816,1.58424908424908,1.6,2.56666666666667,0.855128205128205
"162","tRNA-Cys-GCA-16-1",0,0.0833333333333333,2.08333333333333,1.01282051282051,0,0,0.216666666666667
"163","tRNA-Cys-GCA-17-1",0.285714285714286,0.143589743589744,0.89010989010989,0.148351648351648,0.5,0.728205128205128,1.97785547785548
"164","tRNA-Cys-GCA-18-1",0,0.0666666666666667,0,0.181818181818182,0,0.166666666666667,0.0909090909090909
"165","tRNA-Cys-GCA-19-1",2.54973262032086,0.15,11.5565359477124,1.58424908424908,1.6,2.4,0.316666666666667
"166","tRNA-Cys-GCA-2-1",93.6623949579832,1.16025641025641,312.428971845148,41.4618437118437,72.7761904761905,30.1615384615385,18.3358225108225
"167","tRNA-Cys-GCA-2-2",93.6623949579832,1.16025641025641,312.428971845148,41.4618437118437,72.7761904761905,30.1615384615385,18.3358225108225
"168","tRNA-Cys-GCA-2-3",93.6623949579832,1.16025641025641,312.428971845148,41.4618437118437,72.7761904761905,30.1615384615385,18.3358225108225
"169","tRNA-Cys-GCA-2-4",93.6623949579832,1.16025641025641,312.428971845148,41.4618437118437,72.7761904761905,30.1615384615385,18.3358225108225
"170","tRNA-Cys-GCA-20-1",0.125,0.0666666666666667,0.730769230769231,0.0714285714285714,0.5,0.166666666666667,0.671794871794872
"171","tRNA-Cys-GCA-21-1",0,0.0769230769230769,0.286324786324786,0.0769230769230769,0,0.753205128205128,0.166666666666667
"172","tRNA-Cys-GCA-22-1",0.125,0.0666666666666667,0.730769230769231,0.0714285714285714,0.5,0.166666666666667,0.671794871794872
"173","tRNA-Cys-GCA-23-1",0,0.0769230769230769,0.286324786324786,0.0769230769230769,0,0.853205128205128,0.166666666666667
"174","tRNA-Cys-GCA-24-1",0,0.0769230769230769,0.230769230769231,0.0769230769230769,0,0.628205128205128,0.166666666666667
"175","tRNA-Cys-GCA-25-1",0,0.0769230769230769,0.230769230769231,0.0769230769230769,0,0.628205128205128,0
"176","tRNA-Cys-GCA-3-1",0,0.0833333333333333,2.08333333333333,1.19463869463869,0,0,0.307575757575758
"177","tRNA-Cys-GCA-4-1",93.6623949579832,1.08333333333333,311.698202614379,41.5667388167388,72.7761904761905,29.6,18.2600649350649
"178","tRNA-Cys-GCA-5-1",37.25,0.201923076923077,23.1057692307692,41.0769230769231,6,8.60320512820513,3.93939393939394
"179","tRNA-Cys-GCA-6-1",22.8461538461538,0.509615384615385,323.561355311355,16.3698523698524,16.2197802197802,63.3608058608059,19.8491508491508
"180","tRNA-Cys-GCA-7-1",0,0.0769230769230769,2.23076923076923,0.0769230769230769,0,3.39487179487179,0.439393939393939
"181","tRNA-Cys-GCA-8-1",2.54973262032086,0.226923076923077,12.0180744092509,1.66117216117216,2.1,3.12820512820513,1.29452214452214
"182","tRNA-Cys-GCA-9-1",2.54973262032086,0.15,11.7873051784816,1.76606726606727,2.1,2.56666666666667,0.946037296037296
"183","tRNA-Cys-GCA-9-2",2.54973262032086,0.15,11.7873051784816,1.76606726606727,2.1,2.56666666666667,0.946037296037296
"184","tRNA-Cys-GCA-9-3",2.54973262032086,0.15,11.7873051784816,1.76606726606727,2.1,2.56666666666667,0.946037296037296
"185","tRNA-Cys-GCA-9-4",2.54973262032086,0.15,11.7873051784816,1.76606726606727,2.1,2.56666666666667,0.946037296037296
"186","tRNA-Cys-GCA-chr11-21",0,0.0666666666666667,0.230769230769231,0.917582417582418,0,0.166666666666667,0.671794871794872
"187","tRNA-Cys-GCA-chr5-2",88.4457282913166,0.958333333333333,298.280345471522,34.5277777777778,68.1190476190476,25.4107142857143,12.1964285714286
"188","tRNA-Gln-CAG-chr9-3",1.5,0,0.3,0,0.4,0.816666666666667,0
"189","tRNA-Gln-CTG-1-1",165.115151515151,48.6939393939394,184.546266233766,269.396865634366,261.829004329004,140.521456321456,343.42591991342
"190","tRNA-Gln-CTG-1-2",165.115151515151,48.6939393939394,184.546266233766,269.396865634366,261.829004329004,140.521456321456,343.42591991342
"191","tRNA-Gln-CTG-1-3",165.115151515151,48.6939393939394,184.546266233766,269.396865634366,261.829004329004,140.521456321456,343.42591991342
"192","tRNA-Gln-CTG-1-4",165.115151515151,48.6939393939394,184.546266233766,269.396865634366,261.829004329004,140.521456321456,343.42591991342
"193","tRNA-Gln-CTG-1-5",165.115151515151,48.6939393939394,184.546266233766,269.396865634366,261.829004329004,140.521456321456,343.42591991342
"194","tRNA-Gln-CTG-10-1",0,0,1.55,0,0.4,0.85,0
"195","tRNA-Gln-CTG-11-1",0,0,1.05,4,0.4,0.15,0
"196","tRNA-Gln-CTG-12-1",0,0,0.05,0,0.4,0.15,0
"197","tRNA-Gln-CTG-2-1",125.181818181818,37.6272727272727,149.2795995671,204.646865634366,157.175974025974,98.6916583416584,282.847132034632
"198","tRNA-Gln-CTG-3-1",61.4318181818182,14.5742424242424,78.0231060606061,79.5200757575758,59.7030303030303,48.9484848484849,138.017045454545
"199","tRNA-Gln-CTG-3-2",61.4318181818182,14.5742424242424,78.0231060606061,79.5200757575758,59.7030303030303,48.9484848484849,138.017045454545
"200","tRNA-Gln-CTG-4-1",59.9318181818182,15.5742424242424,77.2731060606061,79.5200757575758,59.7030303030303,48.2818181818182,138.017045454545
"201","tRNA-Gln-CTG-4-2",59.9318181818182,15.5742424242424,77.2731060606061,79.5200757575758,59.7030303030303,48.2818181818182,138.017045454545
"202","tRNA-Gln-CTG-5-1",2.83333333333333,0.166666666666667,4.02619047619048,7.39194139194139,14.6380952380952,1.12802197802198,4.09523809523809
"203","tRNA-Gln-CTG-6-1",152.281818181818,45.1606060606061,169.686742424242,246.438257575758,228.124242424242,122.604545454545,330.264015151515
"204","tRNA-Gln-CTG-7-1",0,0,0.05,0.666666666666667,0.4,0.15,1
"205","tRNA-Gln-CTG-8-1",0,0,2.96666666666667,4,1.4,3.01666666666667,1.66666666666667
"206","tRNA-Gln-CTG-8-2",0,0,2.96666666666667,4,1.4,3.01666666666667,1.66666666666667
"207","tRNA-Gln-CTG-9-1",1,0,1.0625,1.14583333333333,2.88636363636364,0.257575757575758,6.89128787878788
"208","tRNA-Gln-CTG-chr1-130",0,0,2.96666666666667,4,1.4,3.01666666666667,1.66666666666667
"209","tRNA-Gln-CTG-chr1-23",0,0,1.8,0,0.4,0.85,0
"210","tRNA-Gln-CTG-chr19-4",1.5,0,0.25,0.666666666666667,0,0,0
"211","tRNA-Gln-TTG-1-1",152.683333333333,42.319696969697,164.626136363636,239.201194638695,225.654545454545,118.087257187257,311.342803030303
"212","tRNA-Gln-TTG-2-1",9.33333333333333,0,11.6666666666667,20.9371794871795,17.5833333333333,1.44230769230769,15.3333333333333
"213","tRNA-Gln-TTG-3-1",148.35,42.319696969697,164.626136363636,239.867861305361,227.654545454545,118.087257187257,311.342803030303
"214","tRNA-Gln-TTG-3-2",148.35,42.319696969697,164.626136363636,239.867861305361,227.654545454545,118.087257187257,311.342803030303
"215","tRNA-Gln-TTG-3-3",148.35,42.319696969697,164.626136363636,239.867861305361,227.654545454545,118.087257187257,311.342803030303
"216","tRNA-Gln-TTG-4-1",9.33333333333333,0,11.5,12.2371794871795,12.4166666666667,1.44230769230769,15
"217","tRNA-Gln-TTG-6-1",0,0,0.125,0,0,0.125,0
"218","tRNA-Glu-CTC-1-1",59508.8267995893,388.149374236874,73390.1989496614,8678.72273282273,12218.6741480741,12697.1818750694,4184.80904234654
"219","tRNA-Glu-CTC-1-2",59508.8267995893,388.149374236874,73390.1989496614,8678.72273282273,12218.6741480741,12697.1818750694,4184.80904234654
"220","tRNA-Glu-CTC-1-3",59508.8267995893,388.149374236874,73390.1989496614,8678.72273282273,12218.6741480741,12697.1818750694,4184.80904234654
"221","tRNA-Glu-CTC-1-4",59508.8267995893,388.149374236874,73390.1989496614,8678.72273282273,12218.6741480741,12697.1818750694,4184.80904234654
"222","tRNA-Glu-CTC-1-5",59508.8267995893,388.149374236874,73390.1989496614,8678.72273282273,12218.6741480741,12697.1818750694,4184.80904234654
"223","tRNA-Glu-CTC-1-6",59508.8267995893,388.149374236874,73390.1989496614,8678.72273282273,12218.6741480741,12697.1818750694,4184.80904234654
"224","tRNA-Glu-CTC-1-7",59508.8267995893,388.149374236874,73390.1989496614,8678.72273282273,12218.6741480741,12697.1818750694,4184.80904234654
"225","tRNA-Glu-CTC-2-1",59437.8823551448,386.510485347985,73369.2100607725,8661.00447885448,12176.443989344,12689.210446498,4173.38523282273
"226","tRNA-Glu-CTC-3-1",21.3333333333333,0.0833333333333333,27.3888888888889,3.12777777777778,8.59090909090909,4.88888888888889,3.55555555555556
"227","tRNA-Glu-CTC-5-1",0,0,1.11111111111111,0.6,0,0,0
"228","tRNA-Glu-GAA-chr1-125",0,0.153846153846154,0.230769230769231,0.615384615384615,0,0,0.630769230769231
"229","tRNA-Glu-GAA-chr1-18",0,0.153846153846154,0.230769230769231,0.615384615384615,0,0,0.630769230769231
"230","tRNA-Glu-TTC-1-1",1840,22,1650,396.75,547.25,302.75,217
"231","tRNA-Glu-TTC-1-2",1840,22,1650,396.75,547.25,302.75,217
"232","tRNA-Glu-TTC-10-1",33.4744047619048,2.94134615384615,48.9920787545788,18.3796703296703,12.9516233766234,6.8375,19.9432692307692
"233","tRNA-Glu-TTC-2-1",14083.5,205.5,10572.5,2283.75,3853.75,2378.25,1843
"234","tRNA-Glu-TTC-2-2",14083.5,205.5,10572.5,2283.75,3853.75,2378.25,1843
"235","tRNA-Glu-TTC-3-1",1464.2525932401,11.6226648351648,1480.56463952714,283.217482517482,284.913794538795,273.913224275724,121.354890942391
"236","tRNA-Glu-TTC-4-2",1535.19703768454,13.2615537240537,1501.65352841603,299.078593628593,325.758238983239,281.313224275724,128.921557609058
"237","tRNA-Glu-TTC-5-1",3.55357142857143,0,3.85714285714286,1.125,0.267857142857143,3,2.14285714285714
"238","tRNA-Glu-TTC-6-1",1.625,1.15384615384615,3.20497557997558,0.837606837606838,0,0.166666666666667,1.97799145299145
"239","tRNA-Glu-TTC-7-1",0,0.0833333333333333,0.166666666666667,0.75,0.833333333333333,0,0
"240","tRNA-Glu-TTC-8-1",1300.40972222222,5.06356837606838,1479.43215811966,183.115384615385,222.152777777778,149.786706349206,70.8071581196581
"241","tRNA-Glu-TTC-9-1",4361.10048628701,25.4901042155299,6074.55880906587,530.058125203829,1715.89264538351,805.307869998079,184.355713481565
"242","tRNA-Glu-TTC-chr1_KI270713v1_random-1",1459.22532051282,11.7059981684982,1479.25251831502,281.353846153846,285.959249084249,273.282921245421,121.224587912088
"243","tRNA-Glu-TTC-chr1-127",1459.12532051282,11.6226648351648,1478.58585164835,277.603846153846,282.125915750916,272.882921245421,114.324587912088
"244","tRNA-Glu-TTC-chr1-138",1535.19703768454,13.2615537240537,1501.65352841603,299.078593628593,325.758238983239,281.313224275724,128.921557609058
"245","tRNA-Glu-TTC-chr1-20",33.4744047619048,2.94134615384615,48.9920787545788,18.3796703296703,12.9516233766234,6.8375,19.9432692307692
"246","tRNA-Gly-CAC-chr1-17",0.392156862745098,0,1.48095238095238,0.880952380952381,0,0.428571428571429,0.571428571428571
"247","tRNA-Gly-CAC-chr1-94",2.55882352941176,0,5.56428571428571,1.46428571428571,2,2.42857142857143,5.57142857142857
"248","tRNA-Gly-CCC-1-2",471682.557794655,2359.42015472057,598833.974573843,53265.4661518992,193173.421469339,91395.101502755,16745.7595193978
"249","tRNA-Gly-CCC-2-1",3361,73.5,5904.5,743,1889,813,518.5
"250","tRNA-Gly-CCC-2-2",3361,73.5,5904.5,743,1889,813,518.5
"251","tRNA-Gly-CCC-3-1",1141.74455077087,10.3838383838384,1789.69805194805,180.332828282828,462.318181818182,272.89763014763,34.580303030303
"252","tRNA-Gly-CCC-6-1",219.704764361885,8.52356381148951,418.288697233279,58.1967074549118,105.451014791882,44.5413656690747,38.6741117499632
"253","tRNA-Gly-CCC-7-1",17,0,30.5555555555556,1.77777777777778,0.666666666666667,1,1.43333333333333
"254","tRNA-Gly-CCC-chr1-135",467.355263157895,2.27272727272727,466.933405483405,38.570202020202,127.700505050505,73.8459595959596,30.3870851370851
"255","tRNA-Gly-CCC-chr1-137",471682.557794655,2359.42015472057,598833.974573843,53265.4661518992,193173.421469339,91395.101502755,16745.7595193978
"256","tRNA-Gly-CCC-chr1-2",125.416002126528,0.4688995215311,182.178146122883,20.9354902407534,48.227485380117,23.6218766613503,5.18022328548644
"257","tRNA-Gly-CCC-chr1-33",55.8087453482191,1.43859649122807,71.8036492747019,14.2125465178097,16.6319245082403,7.72793726741095,11.9327485380117
"258","tRNA-Gly-GCC-1-1",78396.5703321273,433.079561979987,78800.7179304995,9936.53164751491,22898.6149092309,13955.0580739608,2517.77754581589
"259","tRNA-Gly-GCC-1-2",78396.5703321273,433.079561979987,78800.7179304995,9936.53164751491,22898.6149092309,13955.0580739608,2517.77754581589
"260","tRNA-Gly-GCC-1-3",78396.5703321273,433.079561979987,78800.7179304995,9936.53164751491,22898.6149092309,13955.0580739608,2517.77754581589
"261","tRNA-Gly-GCC-1-4",78396.5703321273,433.079561979987,78800.7179304995,9936.53164751491,22898.6149092309,13955.0580739608,2517.77754581589
"262","tRNA-Gly-GCC-1-5",78396.5703321273,433.079561979987,78800.7179304995,9936.53164751491,22898.6149092309,13955.0580739608,2517.77754581589
"263","tRNA-Gly-GCC-2-1",480087.232092579,2435.72555765098,630681.973449966,55742.2820443401,196585.489332032,92975.4190046973,18284.3948979081
"264","tRNA-Gly-GCC-2-2",480087.232092579,2435.72555765098,630681.973449966,55742.2820443401,196585.489332032,92975.4190046973,18284.3948979081
"265","tRNA-Gly-GCC-2-3",480087.232092579,2435.72555765098,630681.973449966,55742.2820443401,196585.489332032,92975.4190046973,18284.3948979081
"266","tRNA-Gly-GCC-2-4",480087.232092579,2435.72555765098,630681.973449966,55742.2820443401,196585.489332032,92975.4190046973,18284.3948979081
"267","tRNA-Gly-GCC-2-5",480087.232092579,2435.72555765098,630681.973449966,55742.2820443401,196585.489332032,92975.4190046973,18284.3948979081
"268","tRNA-Gly-GCC-2-6",480087.232092579,2435.72555765098,630681.973449966,55742.2820443401,196585.489332032,92975.4190046973,18284.3948979081
"269","tRNA-Gly-GCC-3-1",480082.339935716,2435.39222431764,630679.715874209,55734.6305291885,196562.398422941,92971.7927420711,18281.8234693367
"270","tRNA-Gly-GCC-4-1",386.680097680098,2.64159451659452,513.646607047923,59.7327741702742,162.004110655426,64.9266774891775,16.5064033189033
"271","tRNA-Gly-GCC-5-1",479756.798726925,2374.7969862224,630466.180159923,55397.8217990298,196300.522232465,92886.9539142324,17862.4980725113
"272","tRNA-Gly-GCC-6-1",1.34848484848485,0,1.09090909090909,0,0,0.0909090909090909,1
"273","tRNA-Gly-TCC-1-1",11044.3333333333,104.5,10973.3472222222,1800.19444444444,5521.73611111111,2187.97222222222,661.626984126984
"274","tRNA-Gly-TCC-2-1",680.363095238094,24.2619047619048,856.109126984126,211.581349206349,521.170634920635,162.019841269841,155.246031746032
"275","tRNA-Gly-TCC-2-2",680.363095238094,24.2619047619048,856.109126984126,211.581349206349,521.170634920635,162.019841269841,155.246031746032
"276","tRNA-Gly-TCC-2-3",680.363095238094,24.2619047619048,856.109126984126,211.581349206349,521.170634920635,162.019841269841,155.246031746032
"277","tRNA-Gly-TCC-2-4",680.363095238094,24.2619047619048,856.109126984126,211.581349206349,521.170634920635,162.019841269841,155.246031746032
"278","tRNA-Gly-TCC-2-5",680.363095238094,24.2619047619048,856.109126984126,211.581349206349,521.170634920635,162.019841269841,155.246031746032
"279","tRNA-Gly-TCC-2-6",680.363095238094,24.2619047619048,856.109126984126,211.581349206349,521.170634920635,162.019841269841,155.246031746032
"280","tRNA-Gly-TCC-3-1",188.333333333333,20.5,148.847222222222,186.194444444444,115.236111111111,49.9722222222222,181.626984126984
"281","tRNA-Gly-TCC-4-1",152.60119047619,5.42857142857143,95.2936507936508,73.9980158730159,65.7361111111111,23.9365079365079,49.6984126984127
"282","tRNA-His-GTG-1-1",647.133333333333,75.5666666666667,866.677777777776,602.944444444444,594.011111111111,357.733333333333,310.633333333333
"283","tRNA-His-GTG-1-2",647.133333333333,75.5666666666667,866.677777777776,602.944444444444,594.011111111111,357.733333333333,310.633333333333
"284","tRNA-His-GTG-1-3",647.133333333333,75.5666666666667,866.677777777776,602.944444444444,594.011111111111,357.733333333333,310.633333333333
"285","tRNA-His-GTG-1-4",647.133333333333,75.5666666666667,866.677777777776,602.944444444444,594.011111111111,357.733333333333,310.633333333333
"286","tRNA-His-GTG-1-5",647.133333333333,75.5666666666667,866.677777777776,602.944444444444,594.011111111111,357.733333333333,310.633333333333
"287","tRNA-His-GTG-1-6",647.133333333333,75.5666666666667,866.677777777776,602.944444444444,594.011111111111,357.733333333333,310.633333333333
"288","tRNA-His-GTG-1-7",647.133333333333,75.5666666666667,866.677777777776,602.944444444444,594.011111111111,357.733333333333,310.633333333333
"289","tRNA-His-GTG-1-8",647.133333333333,75.5666666666667,866.677777777776,602.944444444444,594.011111111111,357.733333333333,310.633333333333
"290","tRNA-His-GTG-1-9",647.133333333333,75.5666666666667,866.677777777776,602.944444444444,594.011111111111,357.733333333333,310.633333333333
"291","tRNA-His-GTG-2-1",37.8,8.9,41.9,68.5,74.9,26.4,44.3
"292","tRNA-Ile-AAT-1-1",8.12307692307692,0.721367521367521,5.92104700854701,11.6598290598291,11.3063325563326,2.33076923076923,8.67692307692308
"293","tRNA-Ile-AAT-10-1",0,0,0.0909090909090909,0.0909090909090909,0,0,0.454545454545455
"294","tRNA-Ile-AAT-2-1",10.4564102564103,1.08644688644689,7.00084498834499,12.639627039627,9.52855477855478,2.88076923076923,14.7505161505162
"295","tRNA-Ile-AAT-3-1",6.58974358974359,0.0769230769230769,4.00084498834499,3.13962703962704,3.22855477855478,0.780769230769231,6.53146853146853
"296","tRNA-Ile-AAT-4-1",6.78974358974359,0.753113553113553,5.91751165501165,11.4729603729604,10.8118881118881,2.88076923076923,9.34025974025974
"297","tRNA-Ile-AAT-5-1",8.12307692307692,1.197557997558,6.54528943278943,12.0174048174048,12.0063325563326,2.88076923076923,9.95051615051615
"298","tRNA-Ile-AAT-5-2",8.12307692307692,1.197557997558,6.54528943278943,12.0174048174048,12.0063325563326,2.88076923076923,9.95051615051615
"299","tRNA-Ile-AAT-5-3",8.12307692307692,1.197557997558,6.54528943278943,12.0174048174048,12.0063325563326,2.88076923076923,9.95051615051615
"300","tRNA-Ile-AAT-5-4",8.12307692307692,1.197557997558,6.54528943278943,12.0174048174048,12.0063325563326,2.88076923076923,9.95051615051615
"301","tRNA-Ile-AAT-5-5",8.12307692307692,1.197557997558,6.54528943278943,12.0174048174048,12.0063325563326,2.88076923076923,9.95051615051615
"302","tRNA-Ile-AAT-6-1",7.53333333333333,0.533333333333333,4.15340909090909,11.2575757575758,8.06060606060606,2.4,13.1314685314685
"303","tRNA-Ile-AAT-7-1",8.12307692307692,0.721367521367521,5.25438034188034,9.42649572649573,8.67905982905983,2.03076923076923,7.87692307692308
"304","tRNA-Ile-AAT-7-2",8.12307692307692,0.721367521367521,5.25438034188034,9.42649572649573,8.67905982905983,2.03076923076923,7.87692307692308
"305","tRNA-Ile-AAT-8-1",4.25641025641026,0.188034188034188,3.39188034188034,4.92649572649573,4.27905982905983,0.230769230769231,1.07692307692308
"306","tRNA-Ile-AAT-9-1",0,0,1.09090909090909,0.0909090909090909,0.790909090909091,0.3,0.454545454545455
"307","tRNA-Ile-AAT-chr6-38",0,0,1,0,0,1,0
"308","tRNA-Ile-AAT-chr6-79",2.92307692307692,0.0769230769230769,2.8474358974359,3.88205128205128,1.46794871794872,0.230769230769231,1.07692307692308
"309","tRNA-Ile-GAT-1-1",3.86666666666667,0.533333333333333,2.0625,7.93333333333333,4.4,1.8,6.8
"310","tRNA-Ile-GAT-1-2",3.86666666666667,0.533333333333333,2.0625,7.93333333333333,4.4,1.8,6.8
"311","tRNA-Ile-GAT-1-3",3.86666666666667,0.533333333333333,2.0625,7.93333333333333,4.4,1.8,6.8
"312","tRNA-Ile-TAT-1-1",22.5,12.0833333333333,36.8166666666667,40.75,61.7,17.4166666666667,45.0166666666667
"313","tRNA-Ile-TAT-2-1",2.5,2.58333333333333,13.65,16.75,47.8666666666667,4.75,22.0166666666667
"314","tRNA-Ile-TAT-2-2",0,2.75,8.98333333333333,15.75,23.3666666666667,3.08333333333333,3.35
"315","tRNA-Ile-TAT-2-3",0,2.25,8.48333333333333,15.75,18.8666666666667,4.08333333333333,2.35
"316","tRNA-Ile-TAT-3-1",0,1.33333333333333,8.06666666666667,5,20.2,1.66666666666667,17.2666666666667
"317","tRNA-iMet-CAT-1-1",35.5305555555556,9.36388888888889,23.4916666666667,50.8444444444444,58.3972222222222,28.0972222222222,46.8527777777778
"318","tRNA-iMet-CAT-1-2",35.5305555555556,9.36388888888889,23.4916666666667,50.8444444444444,58.3972222222222,28.0972222222222,46.8527777777778
"319","tRNA-iMet-CAT-1-3",35.5305555555556,9.36388888888889,23.4916666666667,50.8444444444444,58.3972222222222,28.0972222222222,46.8527777777778
"320","tRNA-iMet-CAT-1-4",35.5305555555556,9.36388888888889,23.4916666666667,50.8444444444444,58.3972222222222,28.0972222222222,46.8527777777778
"321","tRNA-iMet-CAT-1-5",35.5305555555556,9.36388888888889,23.4916666666667,50.8444444444444,58.3972222222222,28.0972222222222,46.8527777777778
"322","tRNA-iMet-CAT-1-6",35.5305555555556,9.36388888888889,23.4916666666667,50.8444444444444,58.3972222222222,28.0972222222222,46.8527777777778
"323","tRNA-iMet-CAT-1-7",35.5305555555556,9.36388888888889,23.4916666666667,50.8444444444444,58.3972222222222,28.0972222222222,46.8527777777778
"324","tRNA-iMet-CAT-1-8",35.5305555555556,9.36388888888889,23.4916666666667,50.8444444444444,58.3972222222222,28.0972222222222,46.8527777777778
"325","tRNA-iMet-CAT-2-1",4.65555555555556,0.988888888888889,6.36666666666667,6.23333333333333,4.02222222222222,2.22222222222222,3.47777777777778
"326","tRNA-iMet-CAT-3-1",0,0.1,0,0,0,0,0
"327","tRNA-Leu-AAG-1-1",13.6666666666667,0.944444444444444,19.0888888888889,11.7111111111111,14.4055555555556,7.92777777777778,15.2361111111111
"328","tRNA-Leu-AAG-1-2",13.6666666666667,0.944444444444444,19.0888888888889,11.7111111111111,14.4055555555556,7.92777777777778,15.2361111111111
"329","tRNA-Leu-AAG-1-3",13.6666666666667,0.944444444444444,19.0888888888889,11.7111111111111,14.4055555555556,7.92777777777778,15.2361111111111
"330","tRNA-Leu-AAG-2-1",16.5238095238095,0.587301587301587,19.0888888888889,11.768253968254,15.8698412698413,10.0349206349206,18.6980158730159
"331","tRNA-Leu-AAG-2-2",16.5238095238095,0.587301587301587,19.0888888888889,11.768253968254,15.8698412698413,10.0349206349206,18.6980158730159
"332","tRNA-Leu-AAG-2-3",16.5238095238095,0.587301587301587,19.0888888888889,11.768253968254,15.8698412698413,10.0349206349206,18.6980158730159
"333","tRNA-Leu-AAG-2-4",16.5238095238095,0.587301587301587,19.0888888888889,11.768253968254,15.8698412698413,10.0349206349206,18.6980158730159
"334","tRNA-Leu-AAG-3-1",13.0793650793651,0.587301587301587,19.0888888888889,16.0738095238095,15.0365079365079,8.41269841269841,16.4980158730159
"335","tRNA-Leu-AAG-4-1",33.8571428571429,3.14285714285714,21,13.8571428571429,8.81428571428571,6.85714285714286,24.4285714285714
"336","tRNA-Leu-AAG-6-1",0,0,0,0,0,0,0.2
"337","tRNA-Leu-CAA-1-1",67.5571428571428,16.2303571428571,62.7285714285714,66.1,84.8142857142857,21.9,70.6857142857143
"338","tRNA-Leu-CAA-1-2",60.5571428571428,16.2303571428571,59.2285714285714,65.1,85.8142857142857,24.9,69.6857142857143
"339","tRNA-Leu-CAA-2-1",54.0571428571428,13.7303571428571,36.7285714285714,63.6,68.3142857142857,21.4,49.6857142857143
"340","tRNA-Leu-CAA-3-1",54.0571428571428,12.7303571428571,35.2285714285714,63.6,61.3142857142857,21.4,49.6857142857143
"341","tRNA-Leu-CAA-4-1",206.057142857143,17.7303571428571,85.2285714285714,138.6,160.314285714286,58.4,117.685714285714
"342","tRNA-Leu-CAA-6-1",0,0.1875,0,0,1,0.4,0
"343","tRNA-Leu-CAG-1-1",50.3452380952381,6.12599206349206,35.6170634920635,49.1587301587302,71.9027777777778,14.0984126984127,39.8666666666667
"344","tRNA-Leu-CAG-1-2",50.3452380952381,6.12599206349206,35.6170634920635,49.1587301587302,71.9027777777778,14.0984126984127,39.8666666666667
"345","tRNA-Leu-CAG-1-3",50.3452380952381,6.12599206349206,35.6170634920635,49.1587301587302,71.9027777777778,14.0984126984127,39.8666666666667
"346","tRNA-Leu-CAG-1-4",50.3452380952381,6.12599206349206,35.6170634920635,49.1587301587302,71.9027777777778,14.0984126984127,39.8666666666667
"347","tRNA-Leu-CAG-1-5",50.3452380952381,6.12599206349206,35.6170634920635,49.1587301587302,71.9027777777778,14.0984126984127,39.8666666666667
"348","tRNA-Leu-CAG-1-6",50.3452380952381,6.12599206349206,35.6170634920635,49.1587301587302,71.9027777777778,14.0984126984127,39.8666666666667
"349","tRNA-Leu-CAG-1-7",50.3452380952381,6.12599206349206,35.6170634920635,49.1587301587302,71.9027777777778,14.0984126984127,39.8666666666667
"350","tRNA-Leu-CAG-2-1",60.5238095238095,10.1081349206349,44.2063492063492,57.4444444444444,82.4920634920635,19.9555555555556,49.152380952381
"351","tRNA-Leu-CAG-2-2",60.5238095238095,10.1081349206349,44.2063492063492,57.4444444444444,82.4920634920635,19.9555555555556,49.152380952381
"352","tRNA-Leu-CAG-chr9-7",0.25,0.0625,0.125,0,0.125,0.4,0
"353","tRNA-Leu-TAA-1-1",41,17,90.5,68,64,38,73
"354","tRNA-Leu-TAA-2-1",0.125,0,0,0,0,0,4
"355","tRNA-Leu-TAA-3-1",14,0,0.5,0,8,2,8
"356","tRNA-Leu-TAG-1-1",13.6666666666667,2.27777777777778,20.0888888888889,12.1277777777778,14.3055555555556,7.92777777777778,18.1111111111111
"357","tRNA-Leu-TAG-2-1",10.8571428571429,3.47619047619048,9.2,28.6238095238095,11.7142857142857,5.25714285714286,6.46190476190476
"358","tRNA-Leu-TAG-3-1",104.444444444444,22.3333333333333,104,93.1111111111111,43.4333333333333,55.2222222222222,152
"359","tRNA-Lys-CTT-1-1",388.638888888889,47.0396825396825,424.497435897436,256.835353535354,174.461111111111,122.563888888889,316.589316239316
"360","tRNA-Lys-CTT-1-2",388.638888888889,47.0396825396825,424.497435897436,256.835353535354,174.461111111111,122.563888888889,316.589316239316
"361","tRNA-Lys-CTT-10-1",5,0.220238095238095,2.65934065934066,0.571428571428571,0.452380952380952,0.142857142857143,0.461538461538462
"362","tRNA-Lys-CTT-11-1",62.4821428571429,13.2916666666667,87.7867216117216,54.6313852813853,49.1785714285714,18.2071428571429,50.7631257631258
"363","tRNA-Lys-CTT-12-1",0,0,0,0.666666666666667,0,0,0
"364","tRNA-Lys-CTT-14-1",0,0,1,0.666666666666667,0,0,0
"365","tRNA-Lys-CTT-15-1",0,0,0,1,0,0,0
"366","tRNA-Lys-CTT-16-1",0,1,8.39166666666667,4.56666666666667,3.4,1.46666666666667,4.43333333333333
"367","tRNA-Lys-CTT-2-1",9096.75284992784,42.9805555555556,9274.51074758573,1143.15916305916,2191.7663059163,801.380988455988,313.141336441337
"368","tRNA-Lys-CTT-2-2",9096.75284992784,42.9805555555556,9274.51074758573,1143.15916305916,2191.7663059163,801.380988455988,313.141336441337
"369","tRNA-Lys-CTT-2-3",9096.75284992784,42.9805555555556,9274.51074758573,1143.15916305916,2191.7663059163,801.380988455988,313.141336441337
"370","tRNA-Lys-CTT-2-4",9096.75284992784,42.9805555555556,9274.51074758573,1143.15916305916,2191.7663059163,801.380988455988,313.141336441337
"371","tRNA-Lys-CTT-2-5",9096.75284992784,42.9805555555556,9274.51074758573,1143.15916305916,2191.7663059163,801.380988455988,313.141336441337
"372","tRNA-Lys-CTT-3-1",8939.13293650792,37.484126984127,8986.32600732598,1073.84444444445,2111.68015873016,766.307936507936,267.14884004884
"373","tRNA-Lys-CTT-4-1",388.638888888889,47.1507936507937,422.030769230769,252.994877344877,150.437301587302,121.063888888889,308.505982905983
"374","tRNA-Lys-CTT-5-1",37.4285714285714,0.111111111111111,22.4238095238095,2.45238095238095,3.62857142857143,1.04285714285714,2.68730158730159
"375","tRNA-Lys-CTT-6-1",283.75,43.5952380952381,322.330769230769,244.490909090909,124.316666666667,108.416666666667,289.878205128205
"376","tRNA-Lys-CTT-7-1",95.4345238095238,14.2916666666667,133.596245421245,59.6313852813853,61.6071428571429,21.2071428571429,51.7631257631258
"377","tRNA-Lys-CTT-8-1",0,0,0.8,0.766666666666667,1,0.6,0
"378","tRNA-Lys-CTT-9-1",0,1,1,0,0,0,1
"379","tRNA-Lys-CTT-chr15-5",1,0,1.96666666666667,1.31666666666667,5,0.866666666666667,3.28333333333333
"380","tRNA-Lys-CTT-chr16-1",0,0,0,0.666666666666667,0,0,0
"381","tRNA-Lys-CTT-chr7-30",1,0.111111111111111,0.8,2.76666666666667,0,1.6,0.444444444444444
"382","tRNA-Lys-TTT-1-1",2.65454545454545,0.5,4.58939393939394,4.0981351981352,0.807575757575758,3.79848484848485,9.07808857808858
"383","tRNA-Lys-TTT-10-1",0,0.0833333333333333,0,1.49358974358974,0,0.333333333333333,0
"384","tRNA-Lys-TTT-11-1",1,0,2.39285714285714,0.826923076923077,2.14285714285714,0,0.153846153846154
"385","tRNA-Lys-TTT-12-1",0,0,0,0,0,0,0.2
"386","tRNA-Lys-TTT-13-1",0,3,0,10,8,0,15
"387","tRNA-Lys-TTT-14-1",1.45454545454545,0,0.522727272727273,2.20454545454545,0.0909090909090909,0.181818181818182,2.24475524475524
"388","tRNA-Lys-TTT-2-1",2.65454545454545,0.5,4.58939393939394,4.0981351981352,0.807575757575758,3.79848484848485,9.07808857808858
"389","tRNA-Lys-TTT-3-1",424.333982683983,52.9178571428571,430.964610389611,270.352897102897,251.13658008658,123.116774891775,297.201537351537
"390","tRNA-Lys-TTT-3-2",424.333982683983,52.9178571428571,430.964610389611,270.352897102897,251.13658008658,123.116774891775,297.201537351537
"391","tRNA-Lys-TTT-3-3",424.333982683983,52.9178571428571,430.964610389611,270.352897102897,251.13658008658,123.116774891775,297.201537351537
"392","tRNA-Lys-TTT-3-4",424.333982683983,52.9178571428571,430.964610389611,270.352897102897,251.13658008658,123.116774891775,297.201537351537
"393","tRNA-Lys-TTT-3-5",424.333982683983,52.9178571428571,430.964610389611,270.352897102897,251.13658008658,123.116774891775,297.201537351537
"394","tRNA-Lys-TTT-4-1",126.975974025974,33.3511904761905,152.940584415584,131.669563769564,90.7599567099567,55.1258658008658,165.677294927295
"395","tRNA-Lys-TTT-5-1",420.479437229438,52.375,427.499025974026,262.71978021978,230.150432900433,121.549242424242,289.510628260628
"396","tRNA-Lys-TTT-6-1",125.404545454545,31.2797619047619,150.392965367965,130.526706626707,86.545670995671,53.3758658008658,159.105866355866
"397","tRNA-Lys-TTT-7-1",0,3.5,12.3333333333333,2,0,1.75,16.3333333333333
"398","tRNA-Lys-TTT-8-1",2.7974025974026,0.166666666666667,1.92272727272727,4.0981351981352,0.474242424242424,1.21515151515152,6.35586635586635
"399","tRNA-Met-CAT-1-1",94,20,76,85.6,99.5,31.6,96.1818181818182
"400","tRNA-Met-CAT-2-1",36,2.375,23.2083333333333,18.2666666666667,12.875,5.6,16.9457070707071
"401","tRNA-Met-CAT-3-1",37.5,2.875,23.9583333333333,17.0166666666667,19.375,5.68333333333333,21.4457070707071
"402","tRNA-Met-CAT-3-2",37.5,2.875,23.9583333333333,17.0166666666667,19.375,5.68333333333333,21.4457070707071
"403","tRNA-Met-CAT-4-1",36,2.375,23.2083333333333,18.2666666666667,12.875,5.6,18.6123737373737
"404","tRNA-Met-CAT-4-2",36,2.375,23.2083333333333,18.2666666666667,12.875,5.6,18.6123737373737
"405","tRNA-Met-CAT-4-3",36,2.375,23.2083333333333,18.2666666666667,12.875,5.6,18.6123737373737
"406","tRNA-Met-CAT-5-1",36,1.875,20.125,14.85,12.375,4.85,15.7790404040404
"407","tRNA-Met-CAT-6-1",84,25,75,93.6,80.5,37.9333333333333,111.181818181818
"408","tRNA-Met-CAT-7-1",0,0,1,0,0,0,0
"409","tRNA-Met-CAT-chr6-167",36,1.875,20.125,14.85,12.375,4.85,15.7790404040404
"410","tRNA-Met-CAT-chr6-80",0,0,0,1,0,6,0.404040404040404
"411","tRNA-Phe-GAA-1-1",6.13888888888889,0.880952380952381,6.71944444444445,11.3055555555556,15.8444444444444,4.36944444444444,9.64880952380953
"412","tRNA-Phe-GAA-1-2",6.13888888888889,0.880952380952381,6.71944444444445,11.3055555555556,15.8444444444444,4.36944444444444,9.64880952380953
"413","tRNA-Phe-GAA-1-3",6.13888888888889,0.880952380952381,6.71944444444445,11.3055555555556,15.8444444444444,4.36944444444444,9.64880952380953
"414","tRNA-Phe-GAA-1-4",6.13888888888889,0.880952380952381,6.71944444444445,11.3055555555556,15.8444444444444,4.36944444444444,9.64880952380953
"415","tRNA-Phe-GAA-1-5",6.13888888888889,0.880952380952381,6.71944444444445,11.3055555555556,15.8444444444444,4.36944444444444,9.64880952380953
"416","tRNA-Phe-GAA-1-6",6.13888888888889,0.880952380952381,6.71944444444445,11.3055555555556,15.8444444444444,4.36944444444444,9.64880952380953
"417","tRNA-Phe-GAA-10-1",0,0.153846153846154,0.230769230769231,0.615384615384615,0,0,0.630769230769231
"418","tRNA-Phe-GAA-11-1",0,1,4,1,1,0,5
"419","tRNA-Phe-GAA-2-1",1.80555555555556,0,1.79087301587302,1.66269841269841,4.13015873015873,1.51230158730159,1.98214285714286
"420","tRNA-Phe-GAA-3-1",0.555555555555556,0,1.09444444444444,3.55555555555556,1.34444444444444,0.744444444444444,1
"421","tRNA-Phe-GAA-4-1",1.25,0,0.125,0.25,2.5,0.625,0.125
"422","tRNA-Phe-GAA-5-1",0.555555555555556,0.714285714285714,4.27301587301587,8.6984126984127,9.05873015873016,3.6015873015873,8
"423","tRNA-Phe-GAA-6-1",0,0,0.4,0,0.9,0.3,1
"424","tRNA-Phe-GAA-9-1",0,0.153846153846154,0.230769230769231,0.615384615384615,0,0,0.630769230769231
"425","tRNA-Pro-AGG-1-1",7.57393483709273,1.26608187134503,11.3007518796992,5.78487886382623,4.99206349206349,2.76942355889724,6.21888053467001
"426","tRNA-Pro-AGG-2-1",7.57393483709273,1.26608187134503,11.4772224679345,5.78487886382623,4.99206349206349,2.76942355889724,6.59388053467001
"427","tRNA-Pro-AGG-2-2",7.57393483709273,1.26608187134503,11.4772224679345,5.78487886382623,4.99206349206349,2.76942355889724,6.59388053467001
"428","tRNA-Pro-AGG-2-3",7.57393483709273,1.26608187134503,11.4772224679345,5.78487886382623,4.99206349206349,2.76942355889724,6.59388053467001
"429","tRNA-Pro-AGG-2-4",7.57393483709273,1.26608187134503,11.4772224679345,5.78487886382623,4.99206349206349,2.76942355889724,6.59388053467001
"430","tRNA-Pro-AGG-2-5",7.57393483709273,1.26608187134503,11.4772224679345,5.78487886382623,4.99206349206349,2.76942355889724,6.59388053467001
"431","tRNA-Pro-AGG-2-6",7.57393483709273,1.26608187134503,11.4772224679345,5.78487886382623,4.99206349206349,2.76942355889724,6.59388053467001
"432","tRNA-Pro-AGG-2-7",7.57393483709273,1.26608187134503,11.4772224679345,5.78487886382623,4.99206349206349,2.76942355889724,6.59388053467001
"433","tRNA-Pro-AGG-2-8",7.57393483709273,1.26608187134503,11.4772224679345,5.78487886382623,4.99206349206349,2.76942355889724,6.59388053467001
"434","tRNA-Pro-AGG-3-1",2.38095238095238,0,1.14285714285714,1.23809523809524,0.714285714285714,0.19047619047619,1.14285714285714
"435","tRNA-Pro-CGG-1-1",7.57393483709273,1.26608187134503,11.4772224679345,6.28487886382623,4.99206349206349,2.76942355889724,6.21888053467001
"436","tRNA-Pro-CGG-1-2",7.57393483709273,1.26608187134503,11.4772224679345,6.28487886382623,4.99206349206349,2.76942355889724,6.21888053467001
"437","tRNA-Pro-CGG-1-3",7.57393483709273,1.26608187134503,11.4772224679345,6.28487886382623,4.99206349206349,2.76942355889724,6.21888053467001
"438","tRNA-Pro-CGG-2-1",6.96282372598162,1.09941520467836,11.2451963241437,6.01587301587301,4.51837928153718,2.71386800334169,5.82999164578112
"439","tRNA-Pro-TGG-1-1",8.99206349206349,1.16666666666667,43.4275148655954,6.89306599832916,3.18796992481203,9.24603174603175,33.531746031746
"440","tRNA-Pro-TGG-2-1",17.9072681704261,2.21052631578947,25.2481203007519,10.34335839599,10.7142857142857,1.76942355889724,15.7744360902256
"441","tRNA-Pro-TGG-3-1",8.57393483709273,1.26608187134503,12.2772224679345,7.31821219715956,4.99206349206349,2.76942355889724,6.21888053467001
"442","tRNA-Pro-TGG-3-2",8.57393483709273,1.26608187134503,12.2772224679345,7.31821219715956,4.99206349206349,2.76942355889724,6.21888053467001
"443","tRNA-Pro-TGG-3-3",8.57393483709273,1.26608187134503,12.2772224679345,7.31821219715956,4.99206349206349,2.76942355889724,6.21888053467001
"444","tRNA-Pro-TGG-3-4",8.57393483709273,1.26608187134503,12.2772224679345,7.31821219715956,4.99206349206349,2.76942355889724,6.21888053467001
"445","tRNA-Pro-TGG-3-5",8.57393483709273,1.26608187134503,12.2772224679345,7.31821219715956,4.99206349206349,2.76942355889724,6.21888053467001
"446","tRNA-SeC-TCA-1-1",1221,38,1725.5,895.5,654.5,429.5,682.5
"447","tRNA-SeC-TCA-2-1",15,2,11.5,17.5,8.5,8.5,12.5
"448","tRNA-SeC-TCA-3-1",0,1.125,0,0,0,0,0
"449","tRNA-Ser-ACT-1-1",3.86666666666667,0.533333333333333,4.1625,19.1,6.93636363636364,2.1,15.6
"450","tRNA-Ser-AGA-1-1",28.8333333333333,4.84090909090909,25.5110722610723,61.6212121212121,43.5857256778309,20.0533983560299,60.694055944056
"451","tRNA-Ser-AGA-2-1",29.5714285714286,4.84090909090909,25.5110722610723,62.6645021645021,44.3857256778309,20.4819697846014,60.8369130869131
"452","tRNA-Ser-AGA-2-2",29.5714285714286,4.84090909090909,25.5110722610723,62.6645021645021,44.3857256778309,20.4819697846014,60.8369130869131
"453","tRNA-Ser-AGA-2-3",29.5714285714286,4.84090909090909,25.5110722610723,62.6645021645021,44.3857256778309,20.4819697846014,60.8369130869131
"454","tRNA-Ser-AGA-2-4",29.5714285714286,4.84090909090909,25.5110722610723,62.6645021645021,44.3857256778309,20.4819697846014,60.8369130869131
"455","tRNA-Ser-AGA-2-5",29.5714285714286,4.84090909090909,25.5110722610723,62.6645021645021,44.3857256778309,20.4819697846014,60.8369130869131
"456","tRNA-Ser-AGA-2-6",29.5714285714286,4.84090909090909,25.5110722610723,62.6645021645021,44.3857256778309,20.4819697846014,60.8369130869131
"457","tRNA-Ser-AGA-3-1",22.8333333333333,3.50757575757576,22.3636363636364,53.1212121212121,36.5023923444976,17.8098086124402,56.3030303030303
"458","tRNA-Ser-AGA-4-1",28.8333333333333,4.84090909090909,25.5110722610723,62.3787878787879,43.7015151515152,19.6981351981352,60.694055944056
"459","tRNA-Ser-AGA-5-1",0,0,0,0.181818181818182,0,0,0.0909090909090909
"460","tRNA-Ser-CGA-1-1",12.6666666666667,1.66666666666667,5.48076923076923,13.2575757575758,8.88333333333333,5.57692307692308,11.3910256410256
"461","tRNA-Ser-CGA-2-1",6.66666666666667,0.333333333333333,2.83333333333333,4.09090909090909,1,3.33333333333333,7
"462","tRNA-Ser-CGA-3-1",6.66666666666667,0.333333333333333,3.83333333333333,7,1,3.33333333333333,7
"463","tRNA-Ser-CGA-4-1",27,12,16,52,71,16,60
"464","tRNA-Ser-GCT-1-1",24.0059523809524,2.30952380952381,15.4047619047619,19.1345238095238,15.7080200501253,15.5814536340852,34.6047619047619
"465","tRNA-Ser-GCT-2-1",24.0059523809524,2.30952380952381,15.4047619047619,19.1345238095238,15.7080200501253,15.5814536340852,34.6047619047619
"466","tRNA-Ser-GCT-3-1",28.6392857142857,6.74285714285714,35.7357142857143,35.3678571428571,28.1413533834586,28.4481203007519,41.4714285714286
"467","tRNA-Ser-GCT-4-1",28.8059523809524,3.57619047619048,17.8547619047619,24.0678571428571,17.3080200501253,16.7814536340852,40.0047619047619
"468","tRNA-Ser-GCT-4-2",28.8059523809524,3.57619047619048,17.8547619047619,24.0678571428571,17.3080200501253,16.7814536340852,40.0047619047619
"469","tRNA-Ser-GCT-4-3",28.8059523809524,3.57619047619048,17.8547619047619,24.0678571428571,17.3080200501253,16.7814536340852,40.0047619047619
"470","tRNA-Ser-GCT-5-1",27.2285714285714,2.17142857142857,14.6285714285714,22.7964285714286,11.8556390977444,15.4481203007519,35.6619047619048
"471","tRNA-Ser-GCT-6-1",1.57738095238095,0.738095238095238,4.26190476190476,4.36309523809524,6.13659147869674,2.43859649122807,3.64285714285714
"472","tRNA-Ser-TGA-1-1",28,3,16.2307692307692,31.0909090909091,15.8,15.0769230769231,36.3076923076923
"473","tRNA-Ser-TGA-2-1",28.8333333333333,4.84090909090909,26.1777389277389,61.6212121212121,43.5857256778309,19.8033983560299,60.694055944056
"474","tRNA-Ser-TGA-3-1",29.4047619047619,4.84090909090909,26.1777389277389,62.6645021645021,44.3857256778309,20.2319697846014,60.8369130869131
"475","tRNA-Ser-TGA-4-1",28.8333333333333,4.75,25.8141025641026,60.1666666666667,42.7675438596491,19.3488529014845,56.0576923076923
"476","tRNA-Sup-TTA-1-1",0,0.416666666666667,0.666666666666667,0,0.0833333333333333,0.333333333333333,0
"477","tRNA-Thr-AGT-1-1",22.9,1.16071428571429,12.1404761904762,21.7873015873016,38.5277777777778,1.98809523809524,9.76428571428571
"478","tRNA-Thr-AGT-1-2",22.9,1.16071428571429,12.1404761904762,21.7873015873016,38.5277777777778,1.98809523809524,9.76428571428571
"479","tRNA-Thr-AGT-1-3",22.9,1.16071428571429,12.1404761904762,21.7873015873016,38.5277777777778,1.98809523809524,9.76428571428571
"480","tRNA-Thr-AGT-2-1",3.9,0.125,3.11666666666667,4.39444444444444,6.02777777777778,0.75,1.3
"481","tRNA-Thr-AGT-2-2",3.9,0.125,3.11666666666667,4.39444444444444,6.02777777777778,0.75,1.3
"482","tRNA-Thr-AGT-3-1",0,1.28571428571429,1.77380952380952,0.476190476190476,0.5,0.571428571428571,0.814285714285714
"483","tRNA-Thr-AGT-4-1",2.4,0,3.11666666666667,0.644444444444444,2.27777777777778,0,0.3
"484","tRNA-Thr-AGT-5-1",22.9,0.875,9.61666666666667,21.6444444444444,38.5277777777778,0.75,9.05
"485","tRNA-Thr-AGT-6-1",3.9,0.125,3.11666666666667,4.39444444444444,6.02777777777778,0.75,1.3
"486","tRNA-Thr-AGT-7-1",0,0,0,0,0,0,0.1
"487","tRNA-Thr-CGT-1-1",0,0.285714285714286,1.77380952380952,0.476190476190476,0.5,0.571428571428571,0.714285714285714
"488","tRNA-Thr-CGT-2-1",0,0,4.5,4,18,8,0
"489","tRNA-Thr-CGT-3-1",3.9,0.125,4.11666666666667,4.39444444444444,6.02777777777778,0.75,1.2
"490","tRNA-Thr-CGT-4-1",0,0,7.5,1,14,0,0
"491","tRNA-Thr-CGT-5-1",0,0,1,0,0,0,0
"492","tRNA-Thr-CGT-6-1",3.1,0,1.7,1.01111111111111,0.8,0,0.7
"493","tRNA-Thr-CGT-chr1-133",0,0.285714285714286,0.857142857142857,0.142857142857143,0,0.571428571428571,0.714285714285714
"494","tRNA-Thr-TGT-1-1",2.4,0.285714285714286,2.97380952380952,0.676190476190476,1.5,0.571428571428571,0.914285714285714
"495","tRNA-Thr-TGT-2-1",33.75,4.83333333333333,21,27,16.5,7.75,41
"496","tRNA-Thr-TGT-3-1",33.75,4.5,14.6666666666667,22.3333333333333,16.1666666666667,5.58333333333333,54.3333333333333
"497","tRNA-Thr-TGT-4-1",50.75,5.16666666666667,61.3333333333333,35.6666666666667,23.1666666666667,18.75,68
"498","tRNA-Thr-TGT-5-1",41.75,5.16666666666667,30.6666666666667,26.3333333333333,18.1666666666667,7.25,47.6666666666667
"499","tRNA-Thr-TGT-6-1",17,0.333333333333333,47.3333333333333,14.6666666666667,6,13.6666666666667,21
"500","tRNA-Trp-CCA-1-1",4.76666666666667,0,2.93333333333333,0.166666666666667,1,4.33333333333333,1.66666666666667
"501","tRNA-Trp-CCA-2-1",38.1666666666667,3,35.1666666666667,29.1666666666667,16,6.33333333333333,7.66666666666667
"502","tRNA-Trp-CCA-3-1",4.76666666666667,0,3.43333333333333,0.866666666666667,1,1.08333333333333,1.66666666666667
"503","tRNA-Trp-CCA-3-2",4.76666666666667,0,3.43333333333333,0.866666666666667,1,1.08333333333333,1.66666666666667
"504","tRNA-Trp-CCA-3-3",4.76666666666667,0,3.43333333333333,0.866666666666667,1,1.08333333333333,1.66666666666667
"505","tRNA-Trp-CCA-4-1",38.6,2,27.6666666666667,40.7,14,7.75,17
"506","tRNA-Trp-CCA-5-1",4.16666666666667,0,1.93333333333333,0.366666666666667,1,0.333333333333333,1.66666666666667
"507","tRNA-Tyr-GTA-1-1",15.5,3.66666666666667,9.91666666666667,12.0984848484848,45.6666666666667,6.17424242424242,6.5
"508","tRNA-Tyr-GTA-2-1",11.8333333333333,1.58333333333333,6.22619047619048,14.1461038961039,19.4047619047619,6.45995670995671,4.5
"509","tRNA-Tyr-GTA-3-1",4,1.66666666666667,5.41666666666667,4.09848484848485,8.83333333333333,4.67424242424242,3
"510","tRNA-Tyr-GTA-4-1",1.11111111111111,0.25,13.0178571428571,10.8127705627706,10.5714285714286,0.376623376623377,8.16666666666667
"511","tRNA-Tyr-GTA-5-1",8.94444444444444,0.916666666666667,9.68452380952381,14.6461038961039,15.7380952380952,0.876623376623377,2.66666666666667
"512","tRNA-Tyr-GTA-5-2",8.94444444444444,0.916666666666667,6.18452380952381,14.6461038961039,15.7380952380952,0.876623376623377,4.66666666666667
"513","tRNA-Tyr-GTA-5-3",8.94444444444444,0.916666666666667,8.68452380952381,14.6461038961039,20.7380952380952,0.876623376623377,4.66666666666667
"514","tRNA-Tyr-GTA-5-4",8.94444444444444,0.916666666666667,16.6845238095238,17.6461038961039,25.7380952380952,4.87662337662338,15.1666666666667
"515","tRNA-Tyr-GTA-5-5",8.94444444444444,0.916666666666667,6.18452380952381,14.6461038961039,17.0714285714286,3.87662337662338,4.66666666666667
"516","tRNA-Tyr-GTA-6-1",1.11111111111111,1,3.375,3.59848484848485,6.5,0.0909090909090909,0.666666666666667
"517","tRNA-Tyr-GTA-7-1",1.11111111111111,0.25,4.375,0.916666666666667,0,0,0.666666666666667
"518","tRNA-Tyr-GTA-8-1",11.5,1,4.91666666666667,7.09848484848485,9,3.84090909090909,4
"519","tRNA-Tyr-GTA-9-1",1.11111111111111,0,0,0,0,0,0.666666666666667
"520","tRNA-Und-NNN-3-1",47.3492063492063,0.976190476190476,24.2539682539683,5.73015873015873,4.61904761904762,3.40476190476191,2.14285714285714
"521","tRNA-Und-NNN-4-1",24.6666666666667,0.111111111111111,34.6666666666667,5.44444444444444,3.55555555555556,5.88888888888889,1.87777777777778
"522","tRNA-Val-AAC-1-1",781.294615828787,13.6543319082019,823.545450636394,194.548718833626,328.48494336331,168.371644183989,107.344013833604
"523","tRNA-Val-AAC-1-2",781.294615828787,13.6543319082019,823.545450636394,194.548718833626,328.48494336331,168.371644183989,107.344013833604
"524","tRNA-Val-AAC-1-3",781.294615828787,13.6543319082019,823.545450636394,194.548718833626,328.48494336331,168.371644183989,107.344013833604
"525","tRNA-Val-AAC-1-4",781.294615828787,13.6543319082019,823.545450636394,194.548718833626,328.48494336331,168.371644183989,107.344013833604
"526","tRNA-Val-AAC-1-5",781.294615828787,13.6543319082019,823.545450636394,194.548718833626,328.48494336331,168.371644183989,107.344013833604
"527","tRNA-Val-AAC-2-1",414.067647058823,30.7526315789474,722.147700132684,346.100563909774,319.035463659148,250.398850066342,268.765789473684
"528","tRNA-Val-AAC-3-1",779.15175868593,12.0302717578259,821.411020811833,189.61839301909,320.682813037496,165.535679271709,109.335367217062
"529","tRNA-Val-AAC-4-1",779.15175868593,12.4302717578259,821.887211288023,187.645773971471,321.282813037496,166.573774509804,101.535367217062
"530","tRNA-Val-AAC-5-1",159.246938424493,10.9329033367733,77.4785738856947,104.68555356752,95.074871001032,38.9658435303946,73.2548331613347
"531","tRNA-Val-AAC-6-1",0.846153846153846,0.384615384615385,2.73992673992674,1.07692307692308,1.07692307692308,1.38461538461538,11.979020979021
"532","tRNA-Val-CAC-1-1",785.525385059556,15.9395883184583,827.990627681571,204.256930066837,339.059535437902,171.835319397665,116.528163017753
"533","tRNA-Val-CAC-1-2",785.525385059556,15.9395883184583,827.990627681571,204.256930066837,339.059535437902,171.835319397665,116.528163017753
"534","tRNA-Val-CAC-1-3",785.525385059556,15.9395883184583,827.990627681571,204.256930066837,339.059535437902,171.835319397665,116.528163017753
"535","tRNA-Val-CAC-1-4",785.525385059556,15.9395883184583,827.990627681571,204.256930066837,339.059535437902,171.835319397665,116.528163017753
"536","tRNA-Val-CAC-1-5",785.525385059556,15.9395883184583,827.990627681571,204.256930066837,339.059535437902,171.835319397665,116.528163017753
"537","tRNA-Val-CAC-1-6",785.525385059556,15.9395883184583,827.990627681571,204.256930066837,339.059535437902,171.835319397665,116.528163017753
"538","tRNA-Val-CAC-11-2",0,0,0.5,0,0,0,3
"539","tRNA-Val-CAC-2-1",1767.31573655103,8.36288798920378,1027.81097941876,420.114330698541,332.784705593684,154.817100443416,146.847358678473
"540","tRNA-Val-CAC-3-1",4301.38861236802,23.3128879892038,3844.91743366712,520.93982089462,1169.09136037681,1121.09912658721,208.472267206478
"541","tRNA-Val-CAC-4-1",785.525385059556,15.4145883184583,827.323961014905,202.723596733504,337.55477353314,170.701986064331,114.328163017753
"542","tRNA-Val-CAC-5-1",785.525385059556,15.9395883184583,827.990627681571,204.256930066837,339.059535437902,171.835319397665,116.528163017753
"543","tRNA-Val-CAC-6-1",13.3069130216189,6.17692307692308,11.429245672628,30.7325109530992,13.0922391334156,6.63211592329239,15.4174825174825
"544","tRNA-Val-CAC-7-1",67.2404024767802,6.83157894736842,46.3501547987616,68.5174359696032,68.6078947368421,23.4,51.3657894736842
"545","tRNA-Val-CAC-8-1",0.392156862745098,0,1.48095238095238,0.880952380952381,0,0.428571428571429,0.571428571428571
"546","tRNA-Val-CAC-chr1-134",0,0.05,0,0,0.55,0,0
"547","tRNA-Val-CAC-chr1-136",0,0,0.5,0,0,0,3
"548","tRNA-Val-CAC-chr1-16",129.314308962451,12.9166891587944,69.0849087273236,107.68265368962,96.9816080548279,36.2203684172725,78.2322087269456
"549","tRNA-Val-CAC-chr1-93",785.525385059556,15.9395883184583,827.990627681571,204.256930066837,339.059535437902,171.835319397665,116.528163017753
"550","tRNA-Val-TAC-1-1",1544.91666666667,29.6666666666667,802.25,427.25974025974,619.416666666667,219.583333333333,197
"551","tRNA-Val-TAC-1-2",1544.91666666667,29.6666666666667,802.25,427.25974025974,619.416666666667,219.583333333333,197
"552","tRNA-Val-TAC-2-1",1159.41666666667,28.5,615.25,386.333333333333,502.416666666667,175.083333333333,171
"553","tRNA-Val-TAC-3-1",149.75,3.16666666666667,78.75,71.4264069264069,82.75,26.75,20
"554","tRNA-Val-TAC-4-1",5.61437908496732,0,13.0065359477124,1.16111111111111,3.36045751633987,6.11437908496732,8.5
